timestamp,timestamp_utc,function_code,register_address,register_value,packet_number,transaction_id,source_file
2026-07-28 11:43:07.651604+00:00,2026-07-28T11:43:07.651Z,6,1024,100,259,1,C:\Users\user\Documents\PrivateProject\DFIR\evidence\PERLAKUAN_1_FDI\collector-20260728T114259Z-42bbddba\analysis\examination\modbus_write_events.csv
2026-07-28 11:43:07.723447+00:00,2026-07-28T11:43:07.723Z,6,1024,100,261,1,C:\Users\user\Documents\PrivateProject\DFIR\evidence\PERLAKUAN_1_FDI\collector-20260728T114259Z-42bbddba\analysis\examination\modbus_write_events.csv
2026-07-28 11:43:08.052053+00:00,2026-07-28T11:43:08.052Z,6,1024,100,274,3,C:\Users\user\Documents\PrivateProject\DFIR\evidence\PERLAKUAN_1_FDI\collector-20260728T114259Z-42bbddba\analysis\examination\modbus_write_events.csv
2026-07-28 11:43:08.052280+00:00,2026-07-28T11:43:08.052Z,6,1024,100,275,3,C:\Users\user\Documents\PrivateProject\DFIR\evidence\PERLAKUAN_1_FDI\collector-20260728T114259Z-42bbddba\analysis\examination\modbus_write_events.csv
2026-07-28 11:43:08.461001+00:00,2026-07-28T11:43:08.461Z,6,1024,100,299,5,C:\Users\user\Documents\PrivateProject\DFIR\evidence\PERLAKUAN_1_FDI\collector-20260728T114259Z-42bbddba\analysis\examination\modbus_write_events.csv
2026-07-28 11:43:08.461863+00:00,2026-07-28T11:43:08.461Z,6,1024,100,300,5,C:\Users\user\Documents\PrivateProject\DFIR\evidence\PERLAKUAN_1_FDI\collector-20260728T114259Z-42bbddba\analysis\examination\modbus_write_events.csv
2026-07-28 11:43:08.853088+00:00,2026-07-28T11:43:08.853Z,6,1024,100,319,7,C:\Users\user\Documents\PrivateProject\DFIR\evidence\PERLAKUAN_1_FDI\collector-20260728T114259Z-42bbddba\analysis\examination\modbus_write_events.csv
2026-07-28 11:43:08.853300+00:00,2026-07-28T11:43:08.853Z,6,1024,100,320,7,C:\Users\user\Documents\PrivateProject\DFIR\evidence\PERLAKUAN_1_FDI\collector-20260728T114259Z-42bbddba\analysis\examination\modbus_write_events.csv
2026-07-28 11:43:09.254409+00:00,2026-07-28T11:43:09.254Z,6,1024,100,332,9,C:\Users\user\Documents\PrivateProject\DFIR\evidence\PERLAKUAN_1_FDI\collector-20260728T114259Z-42bbddba\analysis\examination\modbus_write_events.csv
2026-07-28 11:43:09.254733+00:00,2026-07-28T11:43:09.254Z,6,1024,100,333,9,C:\Users\user\Documents\PrivateProject\DFIR\evidence\PERLAKUAN_1_FDI\collector-20260728T114259Z-42bbddba\analysis\examination\modbus_write_events.csv
2026-07-28 11:43:09.657434+00:00,2026-07-28T11:43:09.657Z,6,1024,100,343,11,C:\Users\user\Documents\PrivateProject\DFIR\evidence\PERLAKUAN_1_FDI\collector-20260728T114259Z-42bbddba\analysis\examination\modbus_write_events.csv
2026-07-28 11:43:09.657692+00:00,2026-07-28T11:43:09.657Z,6,1024,100,344,11,C:\Users\user\Documents\PrivateProject\DFIR\evidence\PERLAKUAN_1_FDI\collector-20260728T114259Z-42bbddba\analysis\examination\modbus_write_events.csv
2026-07-28 11:43:10.064454+00:00,2026-07-28T11:43:10.064Z,6,1024,100,356,13,C:\Users\user\Documents\PrivateProject\DFIR\evidence\PERLAKUAN_1_FDI\collector-20260728T114259Z-42bbddba\analysis\examination\modbus_write_events.csv
2026-07-28 11:43:10.064923+00:00,2026-07-28T11:43:10.064Z,6,1024,100,357,13,C:\Users\user\Documents\PrivateProject\DFIR\evidence\PERLAKUAN_1_FDI\collector-20260728T114259Z-42bbddba\analysis\examination\modbus_write_events.csv
2026-07-28 11:43:10.458080+00:00,2026-07-28T11:43:10.458Z,6,1024,100,377,15,C:\Users\user\Documents\PrivateProject\DFIR\evidence\PERLAKUAN_1_FDI\collector-20260728T114259Z-42bbddba\analysis\examination\modbus_write_events.csv
2026-07-28 11:43:10.458377+00:00,2026-07-28T11:43:10.458Z,6,1024,100,378,15,C:\Users\user\Documents\PrivateProject\DFIR\evidence\PERLAKUAN_1_FDI\collector-20260728T114259Z-42bbddba\analysis\examination\modbus_write_events.csv
2026-07-28 11:43:10.857586+00:00,2026-07-28T11:43:10.857Z,6,1024,100,398,17,C:\Users\user\Documents\PrivateProject\DFIR\evidence\PERLAKUAN_1_FDI\collector-20260728T114259Z-42bbddba\analysis\examination\modbus_write_events.csv
2026-07-28 11:43:10.857918+00:00,2026-07-28T11:43:10.857Z,6,1024,100,399,17,C:\Users\user\Documents\PrivateProject\DFIR\evidence\PERLAKUAN_1_FDI\collector-20260728T114259Z-42bbddba\analysis\examination\modbus_write_events.csv
2026-07-28 11:43:11.255563+00:00,2026-07-28T11:43:11.255Z,6,1024,100,413,19,C:\Users\user\Documents\PrivateProject\DFIR\evidence\PERLAKUAN_1_FDI\collector-20260728T114259Z-42bbddba\analysis\examination\modbus_write_events.csv
2026-07-28 11:43:11.255851+00:00,2026-07-28T11:43:11.255Z,6,1024,100,414,19,C:\Users\user\Documents\PrivateProject\DFIR\evidence\PERLAKUAN_1_FDI\collector-20260728T114259Z-42bbddba\analysis\examination\modbus_write_events.csv
2026-07-28 11:43:11.656227+00:00,2026-07-28T11:43:11.656Z,6,1024,100,431,21,C:\Users\user\Documents\PrivateProject\DFIR\evidence\PERLAKUAN_1_FDI\collector-20260728T114259Z-42bbddba\analysis\examination\modbus_write_events.csv
2026-07-28 11:43:11.656528+00:00,2026-07-28T11:43:11.656Z,6,1024,100,432,21,C:\Users\user\Documents\PrivateProject\DFIR\evidence\PERLAKUAN_1_FDI\collector-20260728T114259Z-42bbddba\analysis\examination\modbus_write_events.csv
2026-07-28 11:43:12.056764+00:00,2026-07-28T11:43:12.056Z,6,1024,100,447,23,C:\Users\user\Documents\PrivateProject\DFIR\evidence\PERLAKUAN_1_FDI\collector-20260728T114259Z-42bbddba\analysis\examination\modbus_write_events.csv
2026-07-28 11:43:12.057059+00:00,2026-07-28T11:43:12.057Z,6,1024,100,448,23,C:\Users\user\Documents\PrivateProject\DFIR\evidence\PERLAKUAN_1_FDI\collector-20260728T114259Z-42bbddba\analysis\examination\modbus_write_events.csv
2026-07-28 11:43:12.457483+00:00,2026-07-28T11:43:12.457Z,6,1024,100,458,25,C:\Users\user\Documents\PrivateProject\DFIR\evidence\PERLAKUAN_1_FDI\collector-20260728T114259Z-42bbddba\analysis\examination\modbus_write_events.csv
2026-07-28 11:43:12.458743+00:00,2026-07-28T11:43:12.458Z,6,1024,100,459,25,C:\Users\user\Documents\PrivateProject\DFIR\evidence\PERLAKUAN_1_FDI\collector-20260728T114259Z-42bbddba\analysis\examination\modbus_write_events.csv
2026-07-28 11:43:12.860388+00:00,2026-07-28T11:43:12.860Z,6,1024,100,467,27,C:\Users\user\Documents\PrivateProject\DFIR\evidence\PERLAKUAN_1_FDI\collector-20260728T114259Z-42bbddba\analysis\examination\modbus_write_events.csv
2026-07-28 11:43:12.860939+00:00,2026-07-28T11:43:12.860Z,6,1024,100,468,27,C:\Users\user\Documents\PrivateProject\DFIR\evidence\PERLAKUAN_1_FDI\collector-20260728T114259Z-42bbddba\analysis\examination\modbus_write_events.csv
2026-07-28 11:43:13.257780+00:00,2026-07-28T11:43:13.257Z,6,1024,100,478,29,C:\Users\user\Documents\PrivateProject\DFIR\evidence\PERLAKUAN_1_FDI\collector-20260728T114259Z-42bbddba\analysis\examination\modbus_write_events.csv
2026-07-28 11:43:13.258067+00:00,2026-07-28T11:43:13.258Z,6,1024,100,479,29,C:\Users\user\Documents\PrivateProject\DFIR\evidence\PERLAKUAN_1_FDI\collector-20260728T114259Z-42bbddba\analysis\examination\modbus_write_events.csv
2026-07-28 11:43:13.659806+00:00,2026-07-28T11:43:13.659Z,6,1024,100,486,31,C:\Users\user\Documents\PrivateProject\DFIR\evidence\PERLAKUAN_1_FDI\collector-20260728T114259Z-42bbddba\analysis\examination\modbus_write_events.csv
2026-07-28 11:43:13.660104+00:00,2026-07-28T11:43:13.660Z,6,1024,100,487,31,C:\Users\user\Documents\PrivateProject\DFIR\evidence\PERLAKUAN_1_FDI\collector-20260728T114259Z-42bbddba\analysis\examination\modbus_write_events.csv
2026-07-28 11:43:14.061482+00:00,2026-07-28T11:43:14.061Z,6,1024,100,508,33,C:\Users\user\Documents\PrivateProject\DFIR\evidence\PERLAKUAN_1_FDI\collector-20260728T114259Z-42bbddba\analysis\examination\modbus_write_events.csv
2026-07-28 11:43:14.061779+00:00,2026-07-28T11:43:14.061Z,6,1024,100,509,33,C:\Users\user\Documents\PrivateProject\DFIR\evidence\PERLAKUAN_1_FDI\collector-20260728T114259Z-42bbddba\analysis\examination\modbus_write_events.csv
2026-07-28 11:43:14.459183+00:00,2026-07-28T11:43:14.459Z,6,1024,100,519,35,C:\Users\user\Documents\PrivateProject\DFIR\evidence\PERLAKUAN_1_FDI\collector-20260728T114259Z-42bbddba\analysis\examination\modbus_write_events.csv
2026-07-28 11:43:14.459466+00:00,2026-07-28T11:43:14.459Z,6,1024,100,520,35,C:\Users\user\Documents\PrivateProject\DFIR\evidence\PERLAKUAN_1_FDI\collector-20260728T114259Z-42bbddba\analysis\examination\modbus_write_events.csv
2026-07-28 11:43:14.859646+00:00,2026-07-28T11:43:14.859Z,6,1024,100,528,37,C:\Users\user\Documents\PrivateProject\DFIR\evidence\PERLAKUAN_1_FDI\collector-20260728T114259Z-42bbddba\analysis\examination\modbus_write_events.csv
2026-07-28 11:43:14.859855+00:00,2026-07-28T11:43:14.859Z,6,1024,100,529,37,C:\Users\user\Documents\PrivateProject\DFIR\evidence\PERLAKUAN_1_FDI\collector-20260728T114259Z-42bbddba\analysis\examination\modbus_write_events.csv
2026-07-28 11:43:15.259677+00:00,2026-07-28T11:43:15.259Z,6,1024,100,543,39,C:\Users\user\Documents\PrivateProject\DFIR\evidence\PERLAKUAN_1_FDI\collector-20260728T114259Z-42bbddba\analysis\examination\modbus_write_events.csv
2026-07-28 11:43:15.259891+00:00,2026-07-28T11:43:15.259Z,6,1024,100,544,39,C:\Users\user\Documents\PrivateProject\DFIR\evidence\PERLAKUAN_1_FDI\collector-20260728T114259Z-42bbddba\analysis\examination\modbus_write_events.csv
2026-07-28 11:43:15.660546+00:00,2026-07-28T11:43:15.660Z,6,1024,100,551,41,C:\Users\user\Documents\PrivateProject\DFIR\evidence\PERLAKUAN_1_FDI\collector-20260728T114259Z-42bbddba\analysis\examination\modbus_write_events.csv
2026-07-28 11:43:15.660978+00:00,2026-07-28T11:43:15.660Z,6,1024,100,552,41,C:\Users\user\Documents\PrivateProject\DFIR\evidence\PERLAKUAN_1_FDI\collector-20260728T114259Z-42bbddba\analysis\examination\modbus_write_events.csv
2026-07-28 11:43:16.060358+00:00,2026-07-28T11:43:16.060Z,6,1024,100,562,43,C:\Users\user\Documents\PrivateProject\DFIR\evidence\PERLAKUAN_1_FDI\collector-20260728T114259Z-42bbddba\analysis\examination\modbus_write_events.csv
2026-07-28 11:43:16.060851+00:00,2026-07-28T11:43:16.060Z,6,1024,100,563,43,C:\Users\user\Documents\PrivateProject\DFIR\evidence\PERLAKUAN_1_FDI\collector-20260728T114259Z-42bbddba\analysis\examination\modbus_write_events.csv
2026-07-28 11:43:16.460976+00:00,2026-07-28T11:43:16.460Z,6,1024,100,570,45,C:\Users\user\Documents\PrivateProject\DFIR\evidence\PERLAKUAN_1_FDI\collector-20260728T114259Z-42bbddba\analysis\examination\modbus_write_events.csv
2026-07-28 11:43:16.461258+00:00,2026-07-28T11:43:16.461Z,6,1024,100,571,45,C:\Users\user\Documents\PrivateProject\DFIR\evidence\PERLAKUAN_1_FDI\collector-20260728T114259Z-42bbddba\analysis\examination\modbus_write_events.csv
2026-07-28 11:43:16.861307+00:00,2026-07-28T11:43:16.861Z,6,1024,100,577,47,C:\Users\user\Documents\PrivateProject\DFIR\evidence\PERLAKUAN_1_FDI\collector-20260728T114259Z-42bbddba\analysis\examination\modbus_write_events.csv
2026-07-28 11:43:16.861562+00:00,2026-07-28T11:43:16.861Z,6,1024,100,578,47,C:\Users\user\Documents\PrivateProject\DFIR\evidence\PERLAKUAN_1_FDI\collector-20260728T114259Z-42bbddba\analysis\examination\modbus_write_events.csv
2026-07-28 11:43:17.262056+00:00,2026-07-28T11:43:17.262Z,6,1024,100,588,49,C:\Users\user\Documents\PrivateProject\DFIR\evidence\PERLAKUAN_1_FDI\collector-20260728T114259Z-42bbddba\analysis\examination\modbus_write_events.csv
2026-07-28 11:43:17.262275+00:00,2026-07-28T11:43:17.262Z,6,1024,100,589,49,C:\Users\user\Documents\PrivateProject\DFIR\evidence\PERLAKUAN_1_FDI\collector-20260728T114259Z-42bbddba\analysis\examination\modbus_write_events.csv
2026-07-28 11:43:17.664763+00:00,2026-07-28T11:43:17.664Z,6,1024,100,602,51,C:\Users\user\Documents\PrivateProject\DFIR\evidence\PERLAKUAN_1_FDI\collector-20260728T114259Z-42bbddba\analysis\examination\modbus_write_events.csv
2026-07-28 11:43:17.664979+00:00,2026-07-28T11:43:17.664Z,6,1024,100,603,51,C:\Users\user\Documents\PrivateProject\DFIR\evidence\PERLAKUAN_1_FDI\collector-20260728T114259Z-42bbddba\analysis\examination\modbus_write_events.csv
2026-07-28 11:43:18.062318+00:00,2026-07-28T11:43:18.062Z,6,1024,100,614,53,C:\Users\user\Documents\PrivateProject\DFIR\evidence\PERLAKUAN_1_FDI\collector-20260728T114259Z-42bbddba\analysis\examination\modbus_write_events.csv
2026-07-28 11:43:18.062587+00:00,2026-07-28T11:43:18.062Z,6,1024,100,615,53,C:\Users\user\Documents\PrivateProject\DFIR\evidence\PERLAKUAN_1_FDI\collector-20260728T114259Z-42bbddba\analysis\examination\modbus_write_events.csv
2026-07-28 11:43:18.462947+00:00,2026-07-28T11:43:18.462Z,6,1024,100,622,55,C:\Users\user\Documents\PrivateProject\DFIR\evidence\PERLAKUAN_1_FDI\collector-20260728T114259Z-42bbddba\analysis\examination\modbus_write_events.csv
2026-07-28 11:43:18.463357+00:00,2026-07-28T11:43:18.463Z,6,1024,100,623,55,C:\Users\user\Documents\PrivateProject\DFIR\evidence\PERLAKUAN_1_FDI\collector-20260728T114259Z-42bbddba\analysis\examination\modbus_write_events.csv
2026-07-28 11:43:18.863400+00:00,2026-07-28T11:43:18.863Z,6,1024,100,630,57,C:\Users\user\Documents\PrivateProject\DFIR\evidence\PERLAKUAN_1_FDI\collector-20260728T114259Z-42bbddba\analysis\examination\modbus_write_events.csv
2026-07-28 11:43:18.863675+00:00,2026-07-28T11:43:18.863Z,6,1024,100,631,57,C:\Users\user\Documents\PrivateProject\DFIR\evidence\PERLAKUAN_1_FDI\collector-20260728T114259Z-42bbddba\analysis\examination\modbus_write_events.csv
2026-07-28 11:43:19.263787+00:00,2026-07-28T11:43:19.263Z,6,1024,100,639,59,C:\Users\user\Documents\PrivateProject\DFIR\evidence\PERLAKUAN_1_FDI\collector-20260728T114259Z-42bbddba\analysis\examination\modbus_write_events.csv
2026-07-28 11:43:19.264115+00:00,2026-07-28T11:43:19.264Z,6,1024,100,642,59,C:\Users\user\Documents\PrivateProject\DFIR\evidence\PERLAKUAN_1_FDI\collector-20260728T114259Z-42bbddba\analysis\examination\modbus_write_events.csv
2026-07-28 11:43:19.664562+00:00,2026-07-28T11:43:19.664Z,6,1024,100,658,61,C:\Users\user\Documents\PrivateProject\DFIR\evidence\PERLAKUAN_1_FDI\collector-20260728T114259Z-42bbddba\analysis\examination\modbus_write_events.csv
2026-07-28 11:43:19.664959+00:00,2026-07-28T11:43:19.664Z,6,1024,100,659,61,C:\Users\user\Documents\PrivateProject\DFIR\evidence\PERLAKUAN_1_FDI\collector-20260728T114259Z-42bbddba\analysis\examination\modbus_write_events.csv
2026-07-28 11:43:20.063976+00:00,2026-07-28T11:43:20.063Z,6,1024,100,673,63,C:\Users\user\Documents\PrivateProject\DFIR\evidence\PERLAKUAN_1_FDI\collector-20260728T114259Z-42bbddba\analysis\examination\modbus_write_events.csv
2026-07-28 11:43:20.064251+00:00,2026-07-28T11:43:20.064Z,6,1024,100,674,63,C:\Users\user\Documents\PrivateProject\DFIR\evidence\PERLAKUAN_1_FDI\collector-20260728T114259Z-42bbddba\analysis\examination\modbus_write_events.csv
2026-07-28 11:43:20.464056+00:00,2026-07-28T11:43:20.464Z,6,1024,100,681,65,C:\Users\user\Documents\PrivateProject\DFIR\evidence\PERLAKUAN_1_FDI\collector-20260728T114259Z-42bbddba\analysis\examination\modbus_write_events.csv
2026-07-28 11:43:20.464325+00:00,2026-07-28T11:43:20.464Z,6,1024,100,682,65,C:\Users\user\Documents\PrivateProject\DFIR\evidence\PERLAKUAN_1_FDI\collector-20260728T114259Z-42bbddba\analysis\examination\modbus_write_events.csv
2026-07-28 11:43:20.864902+00:00,2026-07-28T11:43:20.864Z,6,1024,100,688,67,C:\Users\user\Documents\PrivateProject\DFIR\evidence\PERLAKUAN_1_FDI\collector-20260728T114259Z-42bbddba\analysis\examination\modbus_write_events.csv
2026-07-28 11:43:20.865162+00:00,2026-07-28T11:43:20.865Z,6,1024,100,689,67,C:\Users\user\Documents\PrivateProject\DFIR\evidence\PERLAKUAN_1_FDI\collector-20260728T114259Z-42bbddba\analysis\examination\modbus_write_events.csv
2026-07-28 11:43:21.265030+00:00,2026-07-28T11:43:21.265Z,6,1024,100,702,69,C:\Users\user\Documents\PrivateProject\DFIR\evidence\PERLAKUAN_1_FDI\collector-20260728T114259Z-42bbddba\analysis\examination\modbus_write_events.csv
2026-07-28 11:43:21.265324+00:00,2026-07-28T11:43:21.265Z,6,1024,100,703,69,C:\Users\user\Documents\PrivateProject\DFIR\evidence\PERLAKUAN_1_FDI\collector-20260728T114259Z-42bbddba\analysis\examination\modbus_write_events.csv
2026-07-28 11:43:21.666812+00:00,2026-07-28T11:43:21.666Z,6,1024,100,710,71,C:\Users\user\Documents\PrivateProject\DFIR\evidence\PERLAKUAN_1_FDI\collector-20260728T114259Z-42bbddba\analysis\examination\modbus_write_events.csv
2026-07-28 11:43:21.667074+00:00,2026-07-28T11:43:21.667Z,6,1024,100,711,71,C:\Users\user\Documents\PrivateProject\DFIR\evidence\PERLAKUAN_1_FDI\collector-20260728T114259Z-42bbddba\analysis\examination\modbus_write_events.csv
2026-07-28 11:43:22.066054+00:00,2026-07-28T11:43:22.066Z,6,1024,100,725,73,C:\Users\user\Documents\PrivateProject\DFIR\evidence\PERLAKUAN_1_FDI\collector-20260728T114259Z-42bbddba\analysis\examination\modbus_write_events.csv
2026-07-28 11:43:22.066312+00:00,2026-07-28T11:43:22.066Z,6,1024,100,726,73,C:\Users\user\Documents\PrivateProject\DFIR\evidence\PERLAKUAN_1_FDI\collector-20260728T114259Z-42bbddba\analysis\examination\modbus_write_events.csv
2026-07-28 11:43:22.466647+00:00,2026-07-28T11:43:22.466Z,6,1024,100,736,75,C:\Users\user\Documents\PrivateProject\DFIR\evidence\PERLAKUAN_1_FDI\collector-20260728T114259Z-42bbddba\analysis\examination\modbus_write_events.csv
2026-07-28 11:43:22.466936+00:00,2026-07-28T11:43:22.466Z,6,1024,100,737,75,C:\Users\user\Documents\PrivateProject\DFIR\evidence\PERLAKUAN_1_FDI\collector-20260728T114259Z-42bbddba\analysis\examination\modbus_write_events.csv
2026-07-28 11:43:22.867136+00:00,2026-07-28T11:43:22.867Z,6,1024,100,751,77,C:\Users\user\Documents\PrivateProject\DFIR\evidence\PERLAKUAN_1_FDI\collector-20260728T114259Z-42bbddba\analysis\examination\modbus_write_events.csv
2026-07-28 11:43:22.867346+00:00,2026-07-28T11:43:22.867Z,6,1024,100,752,77,C:\Users\user\Documents\PrivateProject\DFIR\evidence\PERLAKUAN_1_FDI\collector-20260728T114259Z-42bbddba\analysis\examination\modbus_write_events.csv
2026-07-28 11:43:23.267266+00:00,2026-07-28T11:43:23.267Z,6,1024,100,762,79,C:\Users\user\Documents\PrivateProject\DFIR\evidence\PERLAKUAN_1_FDI\collector-20260728T114259Z-42bbddba\analysis\examination\modbus_write_events.csv
2026-07-28 11:43:23.267482+00:00,2026-07-28T11:43:23.267Z,6,1024,100,763,79,C:\Users\user\Documents\PrivateProject\DFIR\evidence\PERLAKUAN_1_FDI\collector-20260728T114259Z-42bbddba\analysis\examination\modbus_write_events.csv
2026-07-28 11:43:23.667627+00:00,2026-07-28T11:43:23.667Z,6,1024,100,772,81,C:\Users\user\Documents\PrivateProject\DFIR\evidence\PERLAKUAN_1_FDI\collector-20260728T114259Z-42bbddba\analysis\examination\modbus_write_events.csv
2026-07-28 11:43:23.667859+00:00,2026-07-28T11:43:23.667Z,6,1024,100,773,81,C:\Users\user\Documents\PrivateProject\DFIR\evidence\PERLAKUAN_1_FDI\collector-20260728T114259Z-42bbddba\analysis\examination\modbus_write_events.csv
2026-07-28 11:43:24.067950+00:00,2026-07-28T11:43:24.067Z,6,1024,100,784,83,C:\Users\user\Documents\PrivateProject\DFIR\evidence\PERLAKUAN_1_FDI\collector-20260728T114259Z-42bbddba\analysis\examination\modbus_write_events.csv
2026-07-28 11:43:24.068182+00:00,2026-07-28T11:43:24.068Z,6,1024,100,785,83,C:\Users\user\Documents\PrivateProject\DFIR\evidence\PERLAKUAN_1_FDI\collector-20260728T114259Z-42bbddba\analysis\examination\modbus_write_events.csv
2026-07-28 11:43:24.468470+00:00,2026-07-28T11:43:24.468Z,6,1024,100,802,85,C:\Users\user\Documents\PrivateProject\DFIR\evidence\PERLAKUAN_1_FDI\collector-20260728T114259Z-42bbddba\analysis\examination\modbus_write_events.csv
2026-07-28 11:43:24.468710+00:00,2026-07-28T11:43:24.468Z,6,1024,100,803,85,C:\Users\user\Documents\PrivateProject\DFIR\evidence\PERLAKUAN_1_FDI\collector-20260728T114259Z-42bbddba\analysis\examination\modbus_write_events.csv
2026-07-28 11:43:24.868996+00:00,2026-07-28T11:43:24.868Z,6,1024,100,813,87,C:\Users\user\Documents\PrivateProject\DFIR\evidence\PERLAKUAN_1_FDI\collector-20260728T114259Z-42bbddba\analysis\examination\modbus_write_events.csv
2026-07-28 11:43:24.869511+00:00,2026-07-28T11:43:24.869Z,6,1024,100,814,87,C:\Users\user\Documents\PrivateProject\DFIR\evidence\PERLAKUAN_1_FDI\collector-20260728T114259Z-42bbddba\analysis\examination\modbus_write_events.csv
2026-07-28 11:43:25.269538+00:00,2026-07-28T11:43:25.269Z,6,1024,100,825,89,C:\Users\user\Documents\PrivateProject\DFIR\evidence\PERLAKUAN_1_FDI\collector-20260728T114259Z-42bbddba\analysis\examination\modbus_write_events.csv
2026-07-28 11:43:25.269775+00:00,2026-07-28T11:43:25.269Z,6,1024,100,826,89,C:\Users\user\Documents\PrivateProject\DFIR\evidence\PERLAKUAN_1_FDI\collector-20260728T114259Z-42bbddba\analysis\examination\modbus_write_events.csv
2026-07-28 11:43:25.669569+00:00,2026-07-28T11:43:25.669Z,6,1024,100,871,91,C:\Users\user\Documents\PrivateProject\DFIR\evidence\PERLAKUAN_1_FDI\collector-20260728T114259Z-42bbddba\analysis\examination\modbus_write_events.csv
2026-07-28 11:43:25.669823+00:00,2026-07-28T11:43:25.669Z,6,1024,100,872,91,C:\Users\user\Documents\PrivateProject\DFIR\evidence\PERLAKUAN_1_FDI\collector-20260728T114259Z-42bbddba\analysis\examination\modbus_write_events.csv
2026-07-28 11:43:26.150583+00:00,2026-07-28T11:43:26.150Z,6,1024,100,893,93,C:\Users\user\Documents\PrivateProject\DFIR\evidence\PERLAKUAN_1_FDI\collector-20260728T114259Z-42bbddba\analysis\examination\modbus_write_events.csv
2026-07-28 11:43:26.151008+00:00,2026-07-28T11:43:26.151Z,6,1024,100,897,93,C:\Users\user\Documents\PrivateProject\DFIR\evidence\PERLAKUAN_1_FDI\collector-20260728T114259Z-42bbddba\analysis\examination\modbus_write_events.csv
2026-07-28 11:43:26.474264+00:00,2026-07-28T11:43:26.474Z,6,1024,100,917,95,C:\Users\user\Documents\PrivateProject\DFIR\evidence\PERLAKUAN_1_FDI\collector-20260728T114259Z-42bbddba\analysis\examination\modbus_write_events.csv
2026-07-28 11:43:26.474496+00:00,2026-07-28T11:43:26.474Z,6,1024,100,918,95,C:\Users\user\Documents\PrivateProject\DFIR\evidence\PERLAKUAN_1_FDI\collector-20260728T114259Z-42bbddba\analysis\examination\modbus_write_events.csv
2026-07-28 11:43:26.871029+00:00,2026-07-28T11:43:26.871Z,6,1024,100,931,97,C:\Users\user\Documents\PrivateProject\DFIR\evidence\PERLAKUAN_1_FDI\collector-20260728T114259Z-42bbddba\analysis\examination\modbus_write_events.csv
2026-07-28 11:43:26.871261+00:00,2026-07-28T11:43:26.871Z,6,1024,100,932,97,C:\Users\user\Documents\PrivateProject\DFIR\evidence\PERLAKUAN_1_FDI\collector-20260728T114259Z-42bbddba\analysis\examination\modbus_write_events.csv
2026-07-28 11:43:27.270478+00:00,2026-07-28T11:43:27.270Z,6,1024,100,945,99,C:\Users\user\Documents\PrivateProject\DFIR\evidence\PERLAKUAN_1_FDI\collector-20260728T114259Z-42bbddba\analysis\examination\modbus_write_events.csv
2026-07-28 11:43:27.270684+00:00,2026-07-28T11:43:27.270Z,6,1024,100,946,99,C:\Users\user\Documents\PrivateProject\DFIR\evidence\PERLAKUAN_1_FDI\collector-20260728T114259Z-42bbddba\analysis\examination\modbus_write_events.csv
2026-07-28 11:43:27.670997+00:00,2026-07-28T11:43:27.670Z,6,1024,100,954,101,C:\Users\user\Documents\PrivateProject\DFIR\evidence\PERLAKUAN_1_FDI\collector-20260728T114259Z-42bbddba\analysis\examination\modbus_write_events.csv
2026-07-28 11:43:27.671228+00:00,2026-07-28T11:43:27.671Z,6,1024,100,955,101,C:\Users\user\Documents\PrivateProject\DFIR\evidence\PERLAKUAN_1_FDI\collector-20260728T114259Z-42bbddba\analysis\examination\modbus_write_events.csv
2026-07-28 11:43:28.070743+00:00,2026-07-28T11:43:28.070Z,6,1024,100,977,103,C:\Users\user\Documents\PrivateProject\DFIR\evidence\PERLAKUAN_1_FDI\collector-20260728T114259Z-42bbddba\analysis\examination\modbus_write_events.csv
2026-07-28 11:43:28.071019+00:00,2026-07-28T11:43:28.071Z,6,1024,100,978,103,C:\Users\user\Documents\PrivateProject\DFIR\evidence\PERLAKUAN_1_FDI\collector-20260728T114259Z-42bbddba\analysis\examination\modbus_write_events.csv
2026-07-28 11:43:28.470965+00:00,2026-07-28T11:43:28.470Z,6,1024,100,1000,105,C:\Users\user\Documents\PrivateProject\DFIR\evidence\PERLAKUAN_1_FDI\collector-20260728T114259Z-42bbddba\analysis\examination\modbus_write_events.csv
2026-07-28 11:43:28.471230+00:00,2026-07-28T11:43:28.471Z,6,1024,100,1001,105,C:\Users\user\Documents\PrivateProject\DFIR\evidence\PERLAKUAN_1_FDI\collector-20260728T114259Z-42bbddba\analysis\examination\modbus_write_events.csv
2026-07-28 11:43:28.871521+00:00,2026-07-28T11:43:28.871Z,6,1024,100,1008,107,C:\Users\user\Documents\PrivateProject\DFIR\evidence\PERLAKUAN_1_FDI\collector-20260728T114259Z-42bbddba\analysis\examination\modbus_write_events.csv
2026-07-28 11:43:28.871786+00:00,2026-07-28T11:43:28.871Z,6,1024,100,1009,107,C:\Users\user\Documents\PrivateProject\DFIR\evidence\PERLAKUAN_1_FDI\collector-20260728T114259Z-42bbddba\analysis\examination\modbus_write_events.csv
2026-07-28 11:43:29.271940+00:00,2026-07-28T11:43:29.271Z,6,1024,100,1019,109,C:\Users\user\Documents\PrivateProject\DFIR\evidence\PERLAKUAN_1_FDI\collector-20260728T114259Z-42bbddba\analysis\examination\modbus_write_events.csv
2026-07-28 11:43:29.272244+00:00,2026-07-28T11:43:29.272Z,6,1024,100,1020,109,C:\Users\user\Documents\PrivateProject\DFIR\evidence\PERLAKUAN_1_FDI\collector-20260728T114259Z-42bbddba\analysis\examination\modbus_write_events.csv
2026-07-28 11:43:29.672400+00:00,2026-07-28T11:43:29.672Z,6,1024,100,1026,111,C:\Users\user\Documents\PrivateProject\DFIR\evidence\PERLAKUAN_1_FDI\collector-20260728T114259Z-42bbddba\analysis\examination\modbus_write_events.csv
2026-07-28 11:43:29.672614+00:00,2026-07-28T11:43:29.672Z,6,1024,100,1027,111,C:\Users\user\Documents\PrivateProject\DFIR\evidence\PERLAKUAN_1_FDI\collector-20260728T114259Z-42bbddba\analysis\examination\modbus_write_events.csv
2026-07-28 11:43:30.073162+00:00,2026-07-28T11:43:30.073Z,6,1024,100,1040,113,C:\Users\user\Documents\PrivateProject\DFIR\evidence\PERLAKUAN_1_FDI\collector-20260728T114259Z-42bbddba\analysis\examination\modbus_write_events.csv
2026-07-28 11:43:30.073363+00:00,2026-07-28T11:43:30.073Z,6,1024,100,1041,113,C:\Users\user\Documents\PrivateProject\DFIR\evidence\PERLAKUAN_1_FDI\collector-20260728T114259Z-42bbddba\analysis\examination\modbus_write_events.csv
2026-07-28 11:43:30.476035+00:00,2026-07-28T11:43:30.476Z,6,1024,100,1077,115,C:\Users\user\Documents\PrivateProject\DFIR\evidence\PERLAKUAN_1_FDI\collector-20260728T114259Z-42bbddba\analysis\examination\modbus_write_events.csv
2026-07-28 11:43:30.476296+00:00,2026-07-28T11:43:30.476Z,6,1024,100,1078,115,C:\Users\user\Documents\PrivateProject\DFIR\evidence\PERLAKUAN_1_FDI\collector-20260728T114259Z-42bbddba\analysis\examination\modbus_write_events.csv
2026-07-28 11:43:30.877543+00:00,2026-07-28T11:43:30.877Z,6,1024,100,1084,117,C:\Users\user\Documents\PrivateProject\DFIR\evidence\PERLAKUAN_1_FDI\collector-20260728T114259Z-42bbddba\analysis\examination\modbus_write_events.csv
2026-07-28 11:43:30.877817+00:00,2026-07-28T11:43:30.877Z,6,1024,100,1085,117,C:\Users\user\Documents\PrivateProject\DFIR\evidence\PERLAKUAN_1_FDI\collector-20260728T114259Z-42bbddba\analysis\examination\modbus_write_events.csv
2026-07-28 11:43:31.282124+00:00,2026-07-28T11:43:31.282Z,6,1024,100,1095,119,C:\Users\user\Documents\PrivateProject\DFIR\evidence\PERLAKUAN_1_FDI\collector-20260728T114259Z-42bbddba\analysis\examination\modbus_write_events.csv
2026-07-28 11:43:31.282460+00:00,2026-07-28T11:43:31.282Z,6,1024,100,1096,119,C:\Users\user\Documents\PrivateProject\DFIR\evidence\PERLAKUAN_1_FDI\collector-20260728T114259Z-42bbddba\analysis\examination\modbus_write_events.csv
2026-07-28 11:43:31.674481+00:00,2026-07-28T11:43:31.674Z,6,1024,100,1113,121,C:\Users\user\Documents\PrivateProject\DFIR\evidence\PERLAKUAN_1_FDI\collector-20260728T114259Z-42bbddba\analysis\examination\modbus_write_events.csv
2026-07-28 11:43:31.674799+00:00,2026-07-28T11:43:31.674Z,6,1024,100,1114,121,C:\Users\user\Documents\PrivateProject\DFIR\evidence\PERLAKUAN_1_FDI\collector-20260728T114259Z-42bbddba\analysis\examination\modbus_write_events.csv
2026-07-28 11:43:32.074414+00:00,2026-07-28T11:43:32.074Z,6,1024,100,1127,123,C:\Users\user\Documents\PrivateProject\DFIR\evidence\PERLAKUAN_1_FDI\collector-20260728T114259Z-42bbddba\analysis\examination\modbus_write_events.csv
2026-07-28 11:43:32.074881+00:00,2026-07-28T11:43:32.074Z,6,1024,100,1128,123,C:\Users\user\Documents\PrivateProject\DFIR\evidence\PERLAKUAN_1_FDI\collector-20260728T114259Z-42bbddba\analysis\examination\modbus_write_events.csv
2026-07-28 11:43:32.475507+00:00,2026-07-28T11:43:32.475Z,6,1024,100,1148,125,C:\Users\user\Documents\PrivateProject\DFIR\evidence\PERLAKUAN_1_FDI\collector-20260728T114259Z-42bbddba\analysis\examination\modbus_write_events.csv
2026-07-28 11:43:32.475728+00:00,2026-07-28T11:43:32.475Z,6,1024,100,1149,125,C:\Users\user\Documents\PrivateProject\DFIR\evidence\PERLAKUAN_1_FDI\collector-20260728T114259Z-42bbddba\analysis\examination\modbus_write_events.csv
2026-07-28 11:43:32.876791+00:00,2026-07-28T11:43:32.876Z,6,1024,100,1165,127,C:\Users\user\Documents\PrivateProject\DFIR\evidence\PERLAKUAN_1_FDI\collector-20260728T114259Z-42bbddba\analysis\examination\modbus_write_events.csv
2026-07-28 11:43:32.877321+00:00,2026-07-28T11:43:32.877Z,6,1024,100,1166,127,C:\Users\user\Documents\PrivateProject\DFIR\evidence\PERLAKUAN_1_FDI\collector-20260728T114259Z-42bbddba\analysis\examination\modbus_write_events.csv
2026-07-28 11:43:33.276230+00:00,2026-07-28T11:43:33.276Z,6,1024,100,1181,129,C:\Users\user\Documents\PrivateProject\DFIR\evidence\PERLAKUAN_1_FDI\collector-20260728T114259Z-42bbddba\analysis\examination\modbus_write_events.csv
2026-07-28 11:43:33.276600+00:00,2026-07-28T11:43:33.276Z,6,1024,100,1182,129,C:\Users\user\Documents\PrivateProject\DFIR\evidence\PERLAKUAN_1_FDI\collector-20260728T114259Z-42bbddba\analysis\examination\modbus_write_events.csv
2026-07-28 11:43:33.676784+00:00,2026-07-28T11:43:33.676Z,6,1024,100,1192,131,C:\Users\user\Documents\PrivateProject\DFIR\evidence\PERLAKUAN_1_FDI\collector-20260728T114259Z-42bbddba\analysis\examination\modbus_write_events.csv
2026-07-28 11:43:33.677079+00:00,2026-07-28T11:43:33.677Z,6,1024,100,1193,131,C:\Users\user\Documents\PrivateProject\DFIR\evidence\PERLAKUAN_1_FDI\collector-20260728T114259Z-42bbddba\analysis\examination\modbus_write_events.csv
2026-07-28 11:43:34.078009+00:00,2026-07-28T11:43:34.078Z,6,1024,100,1202,133,C:\Users\user\Documents\PrivateProject\DFIR\evidence\PERLAKUAN_1_FDI\collector-20260728T114259Z-42bbddba\analysis\examination\modbus_write_events.csv
2026-07-28 11:43:34.078241+00:00,2026-07-28T11:43:34.078Z,6,1024,100,1203,133,C:\Users\user\Documents\PrivateProject\DFIR\evidence\PERLAKUAN_1_FDI\collector-20260728T114259Z-42bbddba\analysis\examination\modbus_write_events.csv
2026-07-28 11:43:34.480074+00:00,2026-07-28T11:43:34.480Z,6,1024,100,1216,135,C:\Users\user\Documents\PrivateProject\DFIR\evidence\PERLAKUAN_1_FDI\collector-20260728T114259Z-42bbddba\analysis\examination\modbus_write_events.csv
2026-07-28 11:43:34.480354+00:00,2026-07-28T11:43:34.480Z,6,1024,100,1217,135,C:\Users\user\Documents\PrivateProject\DFIR\evidence\PERLAKUAN_1_FDI\collector-20260728T114259Z-42bbddba\analysis\examination\modbus_write_events.csv
2026-07-28 11:43:34.881673+00:00,2026-07-28T11:43:34.881Z,6,1024,100,1239,137,C:\Users\user\Documents\PrivateProject\DFIR\evidence\PERLAKUAN_1_FDI\collector-20260728T114259Z-42bbddba\analysis\examination\modbus_write_events.csv
2026-07-28 11:43:34.881927+00:00,2026-07-28T11:43:34.881Z,6,1024,100,1240,137,C:\Users\user\Documents\PrivateProject\DFIR\evidence\PERLAKUAN_1_FDI\collector-20260728T114259Z-42bbddba\analysis\examination\modbus_write_events.csv
2026-07-28 11:43:35.289702+00:00,2026-07-28T11:43:35.289Z,6,1024,100,1256,139,C:\Users\user\Documents\PrivateProject\DFIR\evidence\PERLAKUAN_1_FDI\collector-20260728T114259Z-42bbddba\analysis\examination\modbus_write_events.csv
2026-07-28 11:43:35.291338+00:00,2026-07-28T11:43:35.291Z,6,1024,100,1257,139,C:\Users\user\Documents\PrivateProject\DFIR\evidence\PERLAKUAN_1_FDI\collector-20260728T114259Z-42bbddba\analysis\examination\modbus_write_events.csv
2026-07-28 11:43:35.566066+00:00,2026-07-28T11:43:35.566Z,6,1024,100,1260,139,C:\Users\user\Documents\PrivateProject\DFIR\evidence\PERLAKUAN_1_FDI\collector-20260728T114259Z-42bbddba\analysis\examination\modbus_write_events.csv
2026-07-28 11:43:35.866838+00:00,2026-07-28T11:43:35.866Z,6,1024,100,1262,139,C:\Users\user\Documents\PrivateProject\DFIR\evidence\PERLAKUAN_1_FDI\collector-20260728T114259Z-42bbddba\analysis\examination\modbus_write_events.csv
2026-07-28 11:43:35.873001+00:00,2026-07-28T11:43:35.873Z,6,1024,100,1269,141,C:\Users\user\Documents\PrivateProject\DFIR\evidence\PERLAKUAN_1_FDI\collector-20260728T114259Z-42bbddba\analysis\examination\modbus_write_events.csv
2026-07-28 11:43:35.873189+00:00,2026-07-28T11:43:35.873Z,6,1024,100,1270,141,C:\Users\user\Documents\PrivateProject\DFIR\evidence\PERLAKUAN_1_FDI\collector-20260728T114259Z-42bbddba\analysis\examination\modbus_write_events.csv
2026-07-28 11:43:36.273131+00:00,2026-07-28T11:43:36.273Z,6,1024,100,1286,143,C:\Users\user\Documents\PrivateProject\DFIR\evidence\PERLAKUAN_1_FDI\collector-20260728T114259Z-42bbddba\analysis\examination\modbus_write_events.csv
2026-07-28 11:43:36.273362+00:00,2026-07-28T11:43:36.273Z,6,1024,100,1287,143,C:\Users\user\Documents\PrivateProject\DFIR\evidence\PERLAKUAN_1_FDI\collector-20260728T114259Z-42bbddba\analysis\examination\modbus_write_events.csv
2026-07-28 11:43:36.673174+00:00,2026-07-28T11:43:36.673Z,6,1024,100,1303,145,C:\Users\user\Documents\PrivateProject\DFIR\evidence\PERLAKUAN_1_FDI\collector-20260728T114259Z-42bbddba\analysis\examination\modbus_write_events.csv
2026-07-28 11:43:36.673473+00:00,2026-07-28T11:43:36.673Z,6,1024,100,1304,145,C:\Users\user\Documents\PrivateProject\DFIR\evidence\PERLAKUAN_1_FDI\collector-20260728T114259Z-42bbddba\analysis\examination\modbus_write_events.csv
2026-07-28 11:43:37.073625+00:00,2026-07-28T11:43:37.073Z,6,1024,100,1334,147,C:\Users\user\Documents\PrivateProject\DFIR\evidence\PERLAKUAN_1_FDI\collector-20260728T114259Z-42bbddba\analysis\examination\modbus_write_events.csv
2026-07-28 11:43:37.073856+00:00,2026-07-28T11:43:37.073Z,6,1024,100,1335,147,C:\Users\user\Documents\PrivateProject\DFIR\evidence\PERLAKUAN_1_FDI\collector-20260728T114259Z-42bbddba\analysis\examination\modbus_write_events.csv
2026-07-28 11:43:37.474326+00:00,2026-07-28T11:43:37.474Z,6,1024,100,1346,149,C:\Users\user\Documents\PrivateProject\DFIR\evidence\PERLAKUAN_1_FDI\collector-20260728T114259Z-42bbddba\analysis\examination\modbus_write_events.csv
2026-07-28 11:43:37.474554+00:00,2026-07-28T11:43:37.474Z,6,1024,100,1347,149,C:\Users\user\Documents\PrivateProject\DFIR\evidence\PERLAKUAN_1_FDI\collector-20260728T114259Z-42bbddba\analysis\examination\modbus_write_events.csv
