scenario,experiment_id,collector_session_id,collection_id,collection_sequence,experiment_phase,record_timestamp_utc,raspi_read_status,sender_send_status,openplc_read_status,register_read_status,coil_read_status,pair_complete,source_sequence,state_sequence,source_mode,thingsboard_timestamp_ms,node_id_source,node_id_openplc,original_odo_meter_litre,sent_odo_meter_litre,openplc_odo_meter_litre,odo_meter_processed,original_flow_rate_lpm,expected_flow_rate_x1000,sent_flow_rate_x1000,openplc_flow_rate_x1000,openplc_flow_rate_lpm,original_volume_litre,expected_volume_x10000,sent_volume_x10000,openplc_volume_x10000,openplc_volume_litre,original_payment_status,sent_payment_status,openplc_payment_status,observed_valve_raw_source,observed_valve_raw_openplc,openplc_source_sequence,process_state,valve_reason,valve_command,abnormal_usage,payment_blocked,source_expected_valve_command,source_expected_process_state,source_expected_valve_reason,plc_expected_valve_command,plc_expected_process_state,plc_expected_valve_reason,source_odo_encoding_match,source_flow_encoding_match,source_volume_encoding_match,source_payment_encoding_match,source_encoding_integrity_match,cross_layer_odo_match,cross_layer_flow_match,cross_layer_volume_match,cross_layer_payment_match,cross_layer_sequence_match,cross_layer_valve_feedback_match,cross_layer_node_id_match,cross_layer_all_fields_match,plc_internal_odo_match,plc_logic_abnormal_match,plc_logic_payment_match,plc_logic_valve_match,plc_logic_state_match,plc_logic_reason_match,plc_logic_consistency_match,source_expected_valve_match,controller_operational_impact,observed_attack_value,source_age_ms,sampling_skew_ms
BASELINE,EXP-20260728T104439Z-3e25d72e,collector-20260728T104439Z-e2668ad8,collector-20260728T104439Z-e2668ad8-COL-000001,1,BASELINE,2026-07-28T10:44:39.367Z,SUCCESS,SUCCESS,SUCCESS,SUCCESS,SUCCESS,TRUE,1,2,THINGSBOARD_HARDCODED_MOCK,1785235470567,1,1,12,12,12,12,0.3778,378,378,378,0.378,0.00222,22,22,22,0.0022,1,1,1,0,0,1,1,0,TRUE,FALSE,FALSE,TRUE,1,0,TRUE,1,0,TRUE,TRUE,TRUE,TRUE,TRUE,TRUE,TRUE,TRUE,TRUE,TRUE,TRUE,TRUE,TRUE,TRUE,TRUE,TRUE,TRUE,TRUE,TRUE,TRUE,TRUE,FALSE,FALSE,6725.0,59.0
BASELINE,EXP-20260728T104439Z-3e25d72e,collector-20260728T104439Z-e2668ad8,collector-20260728T104439Z-e2668ad8-COL-000002,2,BASELINE,2026-07-28T10:44:40.290Z,SUCCESS,SUCCESS,SUCCESS,SUCCESS,SUCCESS,TRUE,2,3,THINGSBOARD_HARDCODED_MOCK,1785235477588,1,1,18,18,18,18,0.492,492,492,492,0.492,0.00275,28,28,28,0.0028,1,1,1,0,0,2,1,0,TRUE,FALSE,FALSE,TRUE,1,0,TRUE,1,0,TRUE,TRUE,TRUE,TRUE,TRUE,TRUE,TRUE,TRUE,TRUE,TRUE,TRUE,TRUE,TRUE,TRUE,TRUE,TRUE,TRUE,TRUE,TRUE,TRUE,TRUE,FALSE,FALSE,684.0,8.0
BASELINE,EXP-20260728T104439Z-3e25d72e,collector-20260728T104439Z-e2668ad8,collector-20260728T104439Z-e2668ad8-COL-000003,3,BASELINE,2026-07-28T10:44:41.272Z,SUCCESS,SUCCESS,SUCCESS,SUCCESS,SUCCESS,TRUE,2,3,THINGSBOARD_HARDCODED_MOCK,1785235477588,1,1,18,18,18,18,0.492,492,492,492,0.492,0.00275,28,28,28,0.0028,1,1,1,0,0,2,1,0,TRUE,FALSE,FALSE,TRUE,1,0,TRUE,1,0,TRUE,TRUE,TRUE,TRUE,TRUE,TRUE,TRUE,TRUE,TRUE,TRUE,TRUE,TRUE,TRUE,TRUE,TRUE,TRUE,TRUE,TRUE,TRUE,TRUE,TRUE,FALSE,FALSE,1667.0,7.0
BASELINE,EXP-20260728T104439Z-3e25d72e,collector-20260728T104439Z-e2668ad8,collector-20260728T104439Z-e2668ad8-COL-000004,4,BASELINE,2026-07-28T10:44:42.265Z,SUCCESS,SUCCESS,SUCCESS,SUCCESS,SUCCESS,TRUE,2,3,THINGSBOARD_HARDCODED_MOCK,1785235477588,1,1,18,18,18,18,0.492,492,492,492,0.492,0.00275,28,28,28,0.0028,1,1,1,0,0,2,1,0,TRUE,FALSE,FALSE,TRUE,1,0,TRUE,1,0,TRUE,TRUE,TRUE,TRUE,TRUE,TRUE,TRUE,TRUE,TRUE,TRUE,TRUE,TRUE,TRUE,TRUE,TRUE,TRUE,TRUE,TRUE,TRUE,TRUE,TRUE,FALSE,FALSE,2661.0,6.0
BASELINE,EXP-20260728T104439Z-3e25d72e,collector-20260728T104439Z-e2668ad8,collector-20260728T104439Z-e2668ad8-COL-000005,5,BASELINE,2026-07-28T10:44:43.273Z,SUCCESS,SUCCESS,SUCCESS,SUCCESS,SUCCESS,TRUE,2,3,THINGSBOARD_HARDCODED_MOCK,1785235477588,1,1,18,18,18,18,0.492,492,492,492,0.492,0.00275,28,28,28,0.0028,1,1,1,0,0,2,1,0,TRUE,FALSE,FALSE,TRUE,1,0,TRUE,1,0,TRUE,TRUE,TRUE,TRUE,TRUE,TRUE,TRUE,TRUE,TRUE,TRUE,TRUE,TRUE,TRUE,TRUE,TRUE,TRUE,TRUE,TRUE,TRUE,TRUE,TRUE,FALSE,FALSE,3665.0,10.0
BASELINE,EXP-20260728T104439Z-3e25d72e,collector-20260728T104439Z-e2668ad8,collector-20260728T104439Z-e2668ad8-COL-000006,6,BASELINE,2026-07-28T10:44:44.284Z,SUCCESS,SUCCESS,SUCCESS,SUCCESS,SUCCESS,TRUE,2,3,THINGSBOARD_HARDCODED_MOCK,1785235477588,1,1,18,18,18,18,0.492,492,492,492,0.492,0.00275,28,28,28,0.0028,1,1,1,0,0,2,1,0,TRUE,FALSE,FALSE,TRUE,1,0,TRUE,1,0,TRUE,TRUE,TRUE,TRUE,TRUE,TRUE,TRUE,TRUE,TRUE,TRUE,TRUE,TRUE,TRUE,TRUE,TRUE,TRUE,TRUE,TRUE,TRUE,TRUE,TRUE,FALSE,FALSE,4678.0,8.0
BASELINE,EXP-20260728T104439Z-3e25d72e,collector-20260728T104439Z-e2668ad8,collector-20260728T104439Z-e2668ad8-COL-000007,7,BASELINE,2026-07-28T10:44:45.293Z,SUCCESS,SUCCESS,SUCCESS,SUCCESS,SUCCESS,TRUE,2,3,THINGSBOARD_HARDCODED_MOCK,1785235477588,1,1,18,18,18,18,0.492,492,492,492,0.492,0.00275,28,28,28,0.0028,1,1,1,0,0,2,1,0,TRUE,FALSE,FALSE,TRUE,1,0,TRUE,1,0,TRUE,TRUE,TRUE,TRUE,TRUE,TRUE,TRUE,TRUE,TRUE,TRUE,TRUE,TRUE,TRUE,TRUE,TRUE,TRUE,TRUE,TRUE,TRUE,TRUE,TRUE,FALSE,FALSE,5686.0,9.0
BASELINE,EXP-20260728T104439Z-3e25d72e,collector-20260728T104439Z-e2668ad8,collector-20260728T104439Z-e2668ad8-COL-000008,8,BASELINE,2026-07-28T10:44:46.275Z,SUCCESS,SUCCESS,SUCCESS,SUCCESS,SUCCESS,TRUE,2,3,THINGSBOARD_HARDCODED_MOCK,1785235477588,1,1,18,18,18,18,0.492,492,492,492,0.492,0.00275,28,28,28,0.0028,1,1,1,0,0,2,1,0,TRUE,FALSE,FALSE,TRUE,1,0,TRUE,1,0,TRUE,TRUE,TRUE,TRUE,TRUE,TRUE,TRUE,TRUE,TRUE,TRUE,TRUE,TRUE,TRUE,TRUE,TRUE,TRUE,TRUE,TRUE,TRUE,TRUE,TRUE,FALSE,FALSE,6671.0,6.0
BASELINE,EXP-20260728T104439Z-3e25d72e,collector-20260728T104439Z-e2668ad8,collector-20260728T104439Z-e2668ad8-COL-000009,9,BASELINE,2026-07-28T10:44:47.278Z,SUCCESS,SUCCESS,SUCCESS,SUCCESS,SUCCESS,TRUE,2,3,THINGSBOARD_HARDCODED_MOCK,1785235477588,1,1,18,18,18,18,0.492,492,492,492,0.492,0.00275,28,28,28,0.0028,1,1,1,0,0,2,1,0,TRUE,FALSE,FALSE,TRUE,1,0,TRUE,1,0,TRUE,TRUE,TRUE,TRUE,TRUE,TRUE,TRUE,TRUE,TRUE,TRUE,TRUE,TRUE,TRUE,TRUE,TRUE,TRUE,TRUE,TRUE,TRUE,TRUE,TRUE,FALSE,FALSE,7676.0,4.0
BASELINE,EXP-20260728T104439Z-3e25d72e,collector-20260728T104439Z-e2668ad8,collector-20260728T104439Z-e2668ad8-COL-000010,10,BASELINE,2026-07-28T10:44:48.281Z,SUCCESS,SUCCESS,SUCCESS,SUCCESS,SUCCESS,TRUE,3,4,THINGSBOARD_HARDCODED_MOCK,1785235484614,1,1,27,27,27,27,0.5202,520,520,520,0.52,0.00331,33,33,33,0.0033,1,1,1,0,0,3,1,0,TRUE,FALSE,FALSE,TRUE,1,0,TRUE,1,0,TRUE,TRUE,TRUE,TRUE,TRUE,TRUE,TRUE,TRUE,TRUE,TRUE,TRUE,TRUE,TRUE,TRUE,TRUE,TRUE,TRUE,TRUE,TRUE,TRUE,TRUE,FALSE,FALSE,1651.0,7.0
BASELINE,EXP-20260728T104439Z-3e25d72e,collector-20260728T104439Z-e2668ad8,collector-20260728T104439Z-e2668ad8-COL-000011,11,BASELINE,2026-07-28T10:44:49.281Z,SUCCESS,SUCCESS,SUCCESS,SUCCESS,SUCCESS,TRUE,3,4,THINGSBOARD_HARDCODED_MOCK,1785235484614,1,1,27,27,27,27,0.5202,520,520,520,0.52,0.00331,33,33,33,0.0033,1,1,1,0,0,3,1,0,TRUE,FALSE,FALSE,TRUE,1,0,TRUE,1,0,TRUE,TRUE,TRUE,TRUE,TRUE,TRUE,TRUE,TRUE,TRUE,TRUE,TRUE,TRUE,TRUE,TRUE,TRUE,TRUE,TRUE,TRUE,TRUE,TRUE,TRUE,FALSE,FALSE,2649.0,9.0
BASELINE,EXP-20260728T104439Z-3e25d72e,collector-20260728T104439Z-e2668ad8,collector-20260728T104439Z-e2668ad8-COL-000012,12,BASELINE,2026-07-28T10:44:50.286Z,SUCCESS,SUCCESS,SUCCESS,SUCCESS,SUCCESS,TRUE,3,4,THINGSBOARD_HARDCODED_MOCK,1785235484614,1,1,27,27,27,27,0.5202,520,520,520,0.52,0.00331,33,33,33,0.0033,1,1,1,0,0,3,1,0,TRUE,FALSE,FALSE,TRUE,1,0,TRUE,1,0,TRUE,TRUE,TRUE,TRUE,TRUE,TRUE,TRUE,TRUE,TRUE,TRUE,TRUE,TRUE,TRUE,TRUE,TRUE,TRUE,TRUE,TRUE,TRUE,TRUE,TRUE,FALSE,FALSE,3652.0,11.0
BASELINE,EXP-20260728T104439Z-3e25d72e,collector-20260728T104439Z-e2668ad8,collector-20260728T104439Z-e2668ad8-COL-000013,13,BASELINE,2026-07-28T10:44:51.287Z,SUCCESS,SUCCESS,SUCCESS,SUCCESS,SUCCESS,TRUE,3,4,THINGSBOARD_HARDCODED_MOCK,1785235484614,1,1,27,27,27,27,0.5202,520,520,520,0.52,0.00331,33,33,33,0.0033,1,1,1,0,0,3,1,0,TRUE,FALSE,FALSE,TRUE,1,0,TRUE,1,0,TRUE,TRUE,TRUE,TRUE,TRUE,TRUE,TRUE,TRUE,TRUE,TRUE,TRUE,TRUE,TRUE,TRUE,TRUE,TRUE,TRUE,TRUE,TRUE,TRUE,TRUE,FALSE,FALSE,4654.0,10.0
BASELINE,EXP-20260728T104439Z-3e25d72e,collector-20260728T104439Z-e2668ad8,collector-20260728T104439Z-e2668ad8-COL-000014,14,BASELINE,2026-07-28T10:44:52.267Z,SUCCESS,SUCCESS,SUCCESS,SUCCESS,SUCCESS,TRUE,3,4,THINGSBOARD_HARDCODED_MOCK,1785235484614,1,1,27,27,27,27,0.5202,520,520,520,0.52,0.00331,33,33,33,0.0033,1,1,1,0,0,3,1,0,TRUE,FALSE,FALSE,TRUE,1,0,TRUE,1,0,TRUE,TRUE,TRUE,TRUE,TRUE,TRUE,TRUE,TRUE,TRUE,TRUE,TRUE,TRUE,TRUE,TRUE,TRUE,TRUE,TRUE,TRUE,TRUE,TRUE,TRUE,FALSE,FALSE,5638.0,6.0
BASELINE,EXP-20260728T104439Z-3e25d72e,collector-20260728T104439Z-e2668ad8,collector-20260728T104439Z-e2668ad8-COL-000015,15,BASELINE,2026-07-28T10:44:53.269Z,SUCCESS,SUCCESS,SUCCESS,SUCCESS,SUCCESS,TRUE,3,4,THINGSBOARD_HARDCODED_MOCK,1785235484614,1,1,27,27,27,27,0.5202,520,520,520,0.52,0.00331,33,33,33,0.0033,1,1,1,0,0,3,1,0,TRUE,FALSE,FALSE,TRUE,1,0,TRUE,1,0,TRUE,TRUE,TRUE,TRUE,TRUE,TRUE,TRUE,TRUE,TRUE,TRUE,TRUE,TRUE,TRUE,TRUE,TRUE,TRUE,TRUE,TRUE,TRUE,TRUE,TRUE,FALSE,FALSE,6640.0,6.0
BASELINE,EXP-20260728T104439Z-3e25d72e,collector-20260728T104439Z-e2668ad8,collector-20260728T104439Z-e2668ad8-COL-000016,16,BASELINE,2026-07-28T10:44:54.291Z,SUCCESS,SUCCESS,SUCCESS,SUCCESS,SUCCESS,TRUE,3,4,THINGSBOARD_HARDCODED_MOCK,1785235484614,1,1,27,27,27,27,0.5202,520,520,520,0.52,0.00331,33,33,33,0.0033,1,1,1,0,0,3,1,0,TRUE,FALSE,FALSE,TRUE,1,0,TRUE,1,0,TRUE,TRUE,TRUE,TRUE,TRUE,TRUE,TRUE,TRUE,TRUE,TRUE,TRUE,TRUE,TRUE,TRUE,TRUE,TRUE,TRUE,TRUE,TRUE,TRUE,TRUE,FALSE,FALSE,7650.0,18.0
BASELINE,EXP-20260728T104439Z-3e25d72e,collector-20260728T104439Z-e2668ad8,collector-20260728T104439Z-e2668ad8-COL-000017,17,BASELINE,2026-07-28T10:44:55.302Z,SUCCESS,SUCCESS,SUCCESS,SUCCESS,SUCCESS,TRUE,4,5,THINGSBOARD_HARDCODED_MOCK,1785235491626,1,1,39,39,39,39,0.3753,375,375,375,0.375,0.00378,38,38,38,0.0038,1,1,1,0,0,4,1,0,TRUE,FALSE,FALSE,TRUE,1,0,TRUE,1,0,TRUE,TRUE,TRUE,TRUE,TRUE,TRUE,TRUE,TRUE,TRUE,TRUE,TRUE,TRUE,TRUE,TRUE,TRUE,TRUE,TRUE,TRUE,TRUE,TRUE,TRUE,FALSE,FALSE,1644.0,24.0
BASELINE,EXP-20260728T104439Z-3e25d72e,collector-20260728T104439Z-e2668ad8,collector-20260728T104439Z-e2668ad8-COL-000018,18,BASELINE,2026-07-28T10:44:56.311Z,SUCCESS,SUCCESS,SUCCESS,SUCCESS,SUCCESS,TRUE,4,5,THINGSBOARD_HARDCODED_MOCK,1785235491626,1,1,39,39,39,39,0.3753,375,375,375,0.375,0.00378,38,38,38,0.0038,1,1,1,0,0,4,1,0,TRUE,FALSE,FALSE,TRUE,1,0,TRUE,1,0,TRUE,TRUE,TRUE,TRUE,TRUE,TRUE,TRUE,TRUE,TRUE,TRUE,TRUE,TRUE,TRUE,TRUE,TRUE,TRUE,TRUE,TRUE,TRUE,TRUE,TRUE,FALSE,FALSE,2671.0,6.0
BASELINE,EXP-20260728T104439Z-3e25d72e,collector-20260728T104439Z-e2668ad8,collector-20260728T104439Z-e2668ad8-COL-000019,19,BASELINE,2026-07-28T10:44:57.290Z,SUCCESS,SUCCESS,SUCCESS,SUCCESS,SUCCESS,TRUE,4,5,THINGSBOARD_HARDCODED_MOCK,1785235491626,1,1,39,39,39,39,0.3753,375,375,375,0.375,0.00378,38,38,38,0.0038,1,1,1,0,0,4,1,0,TRUE,FALSE,FALSE,TRUE,1,0,TRUE,1,0,TRUE,TRUE,TRUE,TRUE,TRUE,TRUE,TRUE,TRUE,TRUE,TRUE,TRUE,TRUE,TRUE,TRUE,TRUE,TRUE,TRUE,TRUE,TRUE,TRUE,TRUE,FALSE,FALSE,3650.0,6.0
BASELINE,EXP-20260728T104439Z-3e25d72e,collector-20260728T104439Z-e2668ad8,collector-20260728T104439Z-e2668ad8-COL-000020,20,BASELINE,2026-07-28T10:44:58.274Z,SUCCESS,SUCCESS,SUCCESS,SUCCESS,SUCCESS,TRUE,4,5,THINGSBOARD_HARDCODED_MOCK,1785235491626,1,1,39,39,39,39,0.3753,375,375,375,0.375,0.00378,38,38,38,0.0038,1,1,1,0,0,4,1,0,TRUE,FALSE,FALSE,TRUE,1,0,TRUE,1,0,TRUE,TRUE,TRUE,TRUE,TRUE,TRUE,TRUE,TRUE,TRUE,TRUE,TRUE,TRUE,TRUE,TRUE,TRUE,TRUE,TRUE,TRUE,TRUE,TRUE,TRUE,FALSE,FALSE,4632.0,8.0
BASELINE,EXP-20260728T104439Z-3e25d72e,collector-20260728T104439Z-e2668ad8,collector-20260728T104439Z-e2668ad8-COL-000021,21,BASELINE,2026-07-28T10:44:59.278Z,SUCCESS,SUCCESS,SUCCESS,SUCCESS,SUCCESS,TRUE,4,5,THINGSBOARD_HARDCODED_MOCK,1785235491626,1,1,39,39,39,39,0.3753,375,375,375,0.375,0.00378,38,38,38,0.0038,1,1,1,0,0,4,1,0,TRUE,FALSE,FALSE,TRUE,1,0,TRUE,1,0,TRUE,TRUE,TRUE,TRUE,TRUE,TRUE,TRUE,TRUE,TRUE,TRUE,TRUE,TRUE,TRUE,TRUE,TRUE,TRUE,TRUE,TRUE,TRUE,TRUE,TRUE,FALSE,FALSE,5640.0,4.0
BASELINE,EXP-20260728T104439Z-3e25d72e,collector-20260728T104439Z-e2668ad8,collector-20260728T104439Z-e2668ad8-COL-000022,22,BASELINE,2026-07-28T10:45:00.273Z,SUCCESS,SUCCESS,SUCCESS,SUCCESS,SUCCESS,TRUE,4,5,THINGSBOARD_HARDCODED_MOCK,1785235491626,1,1,39,39,39,39,0.3753,375,375,375,0.375,0.00378,38,38,38,0.0038,1,1,1,0,0,4,1,0,TRUE,FALSE,FALSE,TRUE,1,0,TRUE,1,0,TRUE,TRUE,TRUE,TRUE,TRUE,TRUE,TRUE,TRUE,TRUE,TRUE,TRUE,TRUE,TRUE,TRUE,TRUE,TRUE,TRUE,TRUE,TRUE,TRUE,TRUE,FALSE,FALSE,6632.0,7.0
BASELINE,EXP-20260728T104439Z-3e25d72e,collector-20260728T104439Z-e2668ad8,collector-20260728T104439Z-e2668ad8-COL-000023,23,BASELINE,2026-07-28T10:45:01.275Z,SUCCESS,SUCCESS,SUCCESS,SUCCESS,SUCCESS,TRUE,4,5,THINGSBOARD_HARDCODED_MOCK,1785235491626,1,1,39,39,39,39,0.3753,375,375,375,0.375,0.00378,38,38,38,0.0038,1,1,1,0,0,4,1,0,TRUE,FALSE,FALSE,TRUE,1,0,TRUE,1,0,TRUE,TRUE,TRUE,TRUE,TRUE,TRUE,TRUE,TRUE,TRUE,TRUE,TRUE,TRUE,TRUE,TRUE,TRUE,TRUE,TRUE,TRUE,TRUE,TRUE,TRUE,FALSE,FALSE,7634.0,7.0
BASELINE,EXP-20260728T104439Z-3e25d72e,collector-20260728T104439Z-e2668ad8,collector-20260728T104439Z-e2668ad8-COL-000024,24,BASELINE,2026-07-28T10:45:02.294Z,SUCCESS,SUCCESS,SUCCESS,SUCCESS,SUCCESS,TRUE,5,6,THINGSBOARD_HARDCODED_MOCK,1785235498637,1,1,52,52,52,52,0.0648,65,65,65,0.065,0.00398,40,40,40,0.004,1,1,1,0,0,5,1,0,TRUE,FALSE,FALSE,TRUE,1,0,TRUE,1,0,TRUE,TRUE,TRUE,TRUE,TRUE,TRUE,TRUE,TRUE,TRUE,TRUE,TRUE,TRUE,TRUE,TRUE,TRUE,TRUE,TRUE,TRUE,TRUE,TRUE,TRUE,FALSE,FALSE,1638.0,10.0
BASELINE,EXP-20260728T104439Z-3e25d72e,collector-20260728T104439Z-e2668ad8,collector-20260728T104439Z-e2668ad8-COL-000025,25,BASELINE,2026-07-28T10:45:03.279Z,SUCCESS,SUCCESS,SUCCESS,SUCCESS,SUCCESS,TRUE,5,6,THINGSBOARD_HARDCODED_MOCK,1785235498637,1,1,52,52,52,52,0.0648,65,65,65,0.065,0.00398,40,40,40,0.004,1,1,1,0,0,5,1,0,TRUE,FALSE,FALSE,TRUE,1,0,TRUE,1,0,TRUE,TRUE,TRUE,TRUE,TRUE,TRUE,TRUE,TRUE,TRUE,TRUE,TRUE,TRUE,TRUE,TRUE,TRUE,TRUE,TRUE,TRUE,TRUE,TRUE,TRUE,FALSE,FALSE,2625.0,8.0
BASELINE,EXP-20260728T104439Z-3e25d72e,collector-20260728T104439Z-e2668ad8,collector-20260728T104439Z-e2668ad8-COL-000026,26,BASELINE,2026-07-28T10:45:04.292Z,SUCCESS,SUCCESS,SUCCESS,SUCCESS,SUCCESS,TRUE,5,6,THINGSBOARD_HARDCODED_MOCK,1785235498637,1,1,52,52,52,52,0.0648,65,65,65,0.065,0.00398,40,40,40,0.004,1,1,1,0,0,5,1,0,TRUE,FALSE,FALSE,TRUE,1,0,TRUE,1,0,TRUE,TRUE,TRUE,TRUE,TRUE,TRUE,TRUE,TRUE,TRUE,TRUE,TRUE,TRUE,TRUE,TRUE,TRUE,TRUE,TRUE,TRUE,TRUE,TRUE,TRUE,FALSE,FALSE,3630.0,16.0
BASELINE,EXP-20260728T104439Z-3e25d72e,collector-20260728T104439Z-e2668ad8,collector-20260728T104439Z-e2668ad8-COL-000027,27,BASELINE,2026-07-28T10:45:05.281Z,SUCCESS,SUCCESS,SUCCESS,SUCCESS,SUCCESS,TRUE,5,6,THINGSBOARD_HARDCODED_MOCK,1785235498637,1,1,52,52,52,52,0.0648,65,65,65,0.065,0.00398,40,40,40,0.004,1,1,1,0,0,5,1,0,TRUE,FALSE,FALSE,TRUE,1,0,TRUE,1,0,TRUE,TRUE,TRUE,TRUE,TRUE,TRUE,TRUE,TRUE,TRUE,TRUE,TRUE,TRUE,TRUE,TRUE,TRUE,TRUE,TRUE,TRUE,TRUE,TRUE,TRUE,FALSE,FALSE,4629.0,6.0
BASELINE,EXP-20260728T104439Z-3e25d72e,collector-20260728T104439Z-e2668ad8,collector-20260728T104439Z-e2668ad8-COL-000028,28,BASELINE,2026-07-28T10:45:06.276Z,SUCCESS,SUCCESS,SUCCESS,SUCCESS,SUCCESS,TRUE,5,6,THINGSBOARD_HARDCODED_MOCK,1785235498637,1,1,52,52,52,52,0.0648,65,65,65,0.065,0.00398,40,40,40,0.004,1,1,1,0,0,5,1,0,TRUE,FALSE,FALSE,TRUE,1,0,TRUE,1,0,TRUE,TRUE,TRUE,TRUE,TRUE,TRUE,TRUE,TRUE,TRUE,TRUE,TRUE,TRUE,TRUE,TRUE,TRUE,TRUE,TRUE,TRUE,TRUE,TRUE,TRUE,FALSE,FALSE,5625.0,5.0
BASELINE,EXP-20260728T104439Z-3e25d72e,collector-20260728T104439Z-e2668ad8,collector-20260728T104439Z-e2668ad8-COL-000029,29,BASELINE,2026-07-28T10:45:07.294Z,SUCCESS,SUCCESS,SUCCESS,SUCCESS,SUCCESS,TRUE,5,6,THINGSBOARD_HARDCODED_MOCK,1785235498637,1,1,52,52,52,52,0.0648,65,65,65,0.065,0.00398,40,40,40,0.004,1,1,1,0,0,5,1,0,TRUE,FALSE,FALSE,TRUE,1,0,TRUE,1,0,TRUE,TRUE,TRUE,TRUE,TRUE,TRUE,TRUE,TRUE,TRUE,TRUE,TRUE,TRUE,TRUE,TRUE,TRUE,TRUE,TRUE,TRUE,TRUE,TRUE,TRUE,FALSE,FALSE,6631.0,17.0
BASELINE,EXP-20260728T104439Z-3e25d72e,collector-20260728T104439Z-e2668ad8,collector-20260728T104439Z-e2668ad8-COL-000030,30,BASELINE,2026-07-28T10:45:08.280Z,SUCCESS,SUCCESS,SUCCESS,SUCCESS,SUCCESS,TRUE,5,6,THINGSBOARD_HARDCODED_MOCK,1785235498637,1,1,52,52,52,52,0.0648,65,65,65,0.065,0.00398,40,40,40,0.004,1,1,1,0,0,5,1,0,TRUE,FALSE,FALSE,TRUE,1,0,TRUE,1,0,TRUE,TRUE,TRUE,TRUE,TRUE,TRUE,TRUE,TRUE,TRUE,TRUE,TRUE,TRUE,TRUE,TRUE,TRUE,TRUE,TRUE,TRUE,TRUE,TRUE,TRUE,FALSE,FALSE,7624.0,10.0
BASELINE,EXP-20260728T104439Z-3e25d72e,collector-20260728T104439Z-e2668ad8,collector-20260728T104439Z-e2668ad8-COL-000031,31,BASELINE,2026-07-28T10:45:09.299Z,SUCCESS,SUCCESS,SUCCESS,SUCCESS,SUCCESS,TRUE,6,7,THINGSBOARD_HARDCODED_MOCK,1785235505648,1,1,66,66,66,66,0.0126,13,13,13,0.013,0.00402,40,40,40,0.004,1,1,1,0,0,6,1,0,TRUE,FALSE,FALSE,TRUE,1,0,TRUE,1,0,TRUE,TRUE,TRUE,TRUE,TRUE,TRUE,TRUE,TRUE,TRUE,TRUE,TRUE,TRUE,TRUE,TRUE,TRUE,TRUE,TRUE,TRUE,TRUE,TRUE,TRUE,FALSE,FALSE,1633.0,10.0
BASELINE,EXP-20260728T104439Z-3e25d72e,collector-20260728T104439Z-e2668ad8,collector-20260728T104439Z-e2668ad8-COL-000032,32,BASELINE,2026-07-28T10:45:10.281Z,SUCCESS,SUCCESS,SUCCESS,SUCCESS,SUCCESS,TRUE,6,7,THINGSBOARD_HARDCODED_MOCK,1785235505648,1,1,66,66,66,66,0.0126,13,13,13,0.013,0.00402,40,40,40,0.004,1,1,1,0,0,6,1,0,TRUE,FALSE,FALSE,TRUE,1,0,TRUE,1,0,TRUE,TRUE,TRUE,TRUE,TRUE,TRUE,TRUE,TRUE,TRUE,TRUE,TRUE,TRUE,TRUE,TRUE,TRUE,TRUE,TRUE,TRUE,TRUE,TRUE,TRUE,FALSE,FALSE,2616.0,9.0
BASELINE,EXP-20260728T104439Z-3e25d72e,collector-20260728T104439Z-e2668ad8,collector-20260728T104439Z-e2668ad8-COL-000033,33,BASELINE,2026-07-28T10:45:11.284Z,SUCCESS,SUCCESS,SUCCESS,SUCCESS,SUCCESS,TRUE,6,7,THINGSBOARD_HARDCODED_MOCK,1785235505648,1,1,66,66,66,66,0.0126,13,13,13,0.013,0.00402,40,40,40,0.004,1,1,1,0,0,6,1,0,TRUE,FALSE,FALSE,TRUE,1,0,TRUE,1,0,TRUE,TRUE,TRUE,TRUE,TRUE,TRUE,TRUE,TRUE,TRUE,TRUE,TRUE,TRUE,TRUE,TRUE,TRUE,TRUE,TRUE,TRUE,TRUE,TRUE,TRUE,FALSE,FALSE,3620.0,8.0
BASELINE,EXP-20260728T104439Z-3e25d72e,collector-20260728T104439Z-e2668ad8,collector-20260728T104439Z-e2668ad8-COL-000034,34,BASELINE,2026-07-28T10:45:12.282Z,SUCCESS,SUCCESS,SUCCESS,SUCCESS,SUCCESS,TRUE,6,7,THINGSBOARD_HARDCODED_MOCK,1785235505648,1,1,66,66,66,66,0.0126,13,13,13,0.013,0.00402,40,40,40,0.004,1,1,1,0,0,6,1,0,TRUE,FALSE,FALSE,TRUE,1,0,TRUE,1,0,TRUE,TRUE,TRUE,TRUE,TRUE,TRUE,TRUE,TRUE,TRUE,TRUE,TRUE,TRUE,TRUE,TRUE,TRUE,TRUE,TRUE,TRUE,TRUE,TRUE,TRUE,FALSE,FALSE,4620.0,6.0
BASELINE,EXP-20260728T104439Z-3e25d72e,collector-20260728T104439Z-e2668ad8,collector-20260728T104439Z-e2668ad8-COL-000035,35,BASELINE,2026-07-28T10:45:13.287Z,SUCCESS,SUCCESS,SUCCESS,SUCCESS,SUCCESS,TRUE,6,7,THINGSBOARD_HARDCODED_MOCK,1785235505648,1,1,66,66,66,66,0.0126,13,13,13,0.013,0.00402,40,40,40,0.004,1,1,1,0,0,6,1,0,TRUE,FALSE,FALSE,TRUE,1,0,TRUE,1,0,TRUE,TRUE,TRUE,TRUE,TRUE,TRUE,TRUE,TRUE,TRUE,TRUE,TRUE,TRUE,TRUE,TRUE,TRUE,TRUE,TRUE,TRUE,TRUE,TRUE,TRUE,FALSE,FALSE,5621.0,10.0
BASELINE,EXP-20260728T104439Z-3e25d72e,collector-20260728T104439Z-e2668ad8,collector-20260728T104439Z-e2668ad8-COL-000036,36,BASELINE,2026-07-28T10:45:14.291Z,SUCCESS,SUCCESS,SUCCESS,SUCCESS,SUCCESS,TRUE,6,7,THINGSBOARD_HARDCODED_MOCK,1785235505648,1,1,66,66,66,66,0.0126,13,13,13,0.013,0.00402,40,40,40,0.004,1,1,1,0,0,6,1,0,TRUE,FALSE,FALSE,TRUE,1,0,TRUE,1,0,TRUE,TRUE,TRUE,TRUE,TRUE,TRUE,TRUE,TRUE,TRUE,TRUE,TRUE,TRUE,TRUE,TRUE,TRUE,TRUE,TRUE,TRUE,TRUE,TRUE,TRUE,FALSE,FALSE,6628.0,7.0
BASELINE,EXP-20260728T104439Z-3e25d72e,collector-20260728T104439Z-e2668ad8,collector-20260728T104439Z-e2668ad8-COL-000037,37,BASELINE,2026-07-28T10:45:15.279Z,SUCCESS,SUCCESS,SUCCESS,SUCCESS,SUCCESS,TRUE,6,7,THINGSBOARD_HARDCODED_MOCK,1785235505648,1,1,66,66,66,66,0.0126,13,13,13,0.013,0.00402,40,40,40,0.004,1,1,1,0,0,6,1,0,TRUE,FALSE,FALSE,TRUE,1,0,TRUE,1,0,TRUE,TRUE,TRUE,TRUE,TRUE,TRUE,TRUE,TRUE,TRUE,TRUE,TRUE,TRUE,TRUE,TRUE,TRUE,TRUE,TRUE,TRUE,TRUE,TRUE,TRUE,FALSE,FALSE,7616.0,7.0
PERLAKUAN_1_FDI,EXP-P1-01,collector-20260728T114259Z-42bbddba,collector-20260728T114259Z-42bbddba-COL-000001,1,PRE_ATTACK,2026-07-28T11:42:59.867Z,SUCCESS,SUCCESS,SUCCESS,SUCCESS,SUCCESS,TRUE,500,501,THINGSBOARD_HARDCODED_MOCK,1785238974346,1,1,39,39,39,39,0.3753,375,375,375,0.375,0.00378,38,38,38,0.0038,1,1,1,0,0,500,1,0,TRUE,FALSE,FALSE,TRUE,1,0,TRUE,1,0,TRUE,TRUE,TRUE,TRUE,TRUE,TRUE,TRUE,TRUE,TRUE,TRUE,TRUE,TRUE,TRUE,TRUE,TRUE,TRUE,TRUE,TRUE,TRUE,TRUE,TRUE,FALSE,FALSE,3410.0,104.0
PERLAKUAN_1_FDI,EXP-P1-01,collector-20260728T114259Z-42bbddba,collector-20260728T114259Z-42bbddba-COL-000002,2,PRE_ATTACK,2026-07-28T11:43:00.701Z,SUCCESS,SUCCESS,SUCCESS,SUCCESS,SUCCESS,TRUE,500,501,THINGSBOARD_HARDCODED_MOCK,1785238974346,1,1,39,39,39,39,0.3753,375,375,375,0.375,0.00378,38,38,38,0.0038,1,1,1,0,0,500,1,0,TRUE,FALSE,FALSE,TRUE,1,0,TRUE,1,0,TRUE,TRUE,TRUE,TRUE,TRUE,TRUE,TRUE,TRUE,TRUE,TRUE,TRUE,TRUE,TRUE,TRUE,TRUE,TRUE,TRUE,TRUE,TRUE,TRUE,TRUE,FALSE,FALSE,4343.0,5.0
PERLAKUAN_1_FDI,EXP-P1-01,collector-20260728T114259Z-42bbddba,collector-20260728T114259Z-42bbddba-COL-000003,3,PRE_ATTACK,2026-07-28T11:43:01.922Z,SUCCESS,SUCCESS,SUCCESS,SUCCESS,SUCCESS,TRUE,500,501,THINGSBOARD_HARDCODED_MOCK,1785238974346,1,1,39,39,39,39,0.3753,375,375,375,0.375,0.00378,38,38,38,0.0038,1,1,1,0,0,500,1,0,TRUE,FALSE,FALSE,TRUE,1,0,TRUE,1,0,TRUE,TRUE,TRUE,TRUE,TRUE,TRUE,TRUE,TRUE,TRUE,TRUE,TRUE,TRUE,TRUE,TRUE,TRUE,TRUE,TRUE,TRUE,TRUE,TRUE,TRUE,FALSE,FALSE,5343.0,226.0
PERLAKUAN_1_FDI,EXP-P1-01,collector-20260728T114259Z-42bbddba,collector-20260728T114259Z-42bbddba-COL-000004,4,PRE_ATTACK,2026-07-28T11:43:02.700Z,SUCCESS,SUCCESS,SUCCESS,SUCCESS,SUCCESS,TRUE,500,501,THINGSBOARD_HARDCODED_MOCK,1785238974346,1,1,39,39,39,39,0.3753,375,375,375,0.375,0.00378,38,38,38,0.0038,1,1,1,0,0,500,1,0,TRUE,FALSE,FALSE,TRUE,1,0,TRUE,1,0,TRUE,TRUE,TRUE,TRUE,TRUE,TRUE,TRUE,TRUE,TRUE,TRUE,TRUE,TRUE,TRUE,TRUE,TRUE,TRUE,TRUE,TRUE,TRUE,TRUE,TRUE,FALSE,FALSE,6342.0,5.0
PERLAKUAN_1_FDI,EXP-P1-01,collector-20260728T114259Z-42bbddba,collector-20260728T114259Z-42bbddba-COL-000005,5,PRE_ATTACK,2026-07-28T11:43:03.743Z,SUCCESS,SUCCESS,SUCCESS,SUCCESS,SUCCESS,TRUE,500,501,THINGSBOARD_HARDCODED_MOCK,1785238974346,1,1,39,39,39,39,0.3753,375,375,375,0.375,0.00378,38,38,38,0.0038,1,1,1,0,0,500,1,0,TRUE,FALSE,FALSE,TRUE,1,0,TRUE,1,0,TRUE,TRUE,TRUE,TRUE,TRUE,TRUE,TRUE,TRUE,TRUE,TRUE,TRUE,TRUE,TRUE,TRUE,TRUE,TRUE,TRUE,TRUE,TRUE,TRUE,TRUE,FALSE,FALSE,7357.0,33.0
PERLAKUAN_1_FDI,EXP-P1-01,collector-20260728T114259Z-42bbddba,collector-20260728T114259Z-42bbddba-COL-000006,6,PRE_ATTACK,2026-07-28T11:43:04.705Z,SUCCESS,SUCCESS,SUCCESS,SUCCESS,SUCCESS,TRUE,501,502,THINGSBOARD_HARDCODED_MOCK,1785238981357,1,1,52,52,52,52,0.0648,65,65,65,0.065,0.00398,40,40,40,0.004,1,1,1,0,0,501,1,0,TRUE,FALSE,FALSE,TRUE,1,0,TRUE,1,0,TRUE,TRUE,TRUE,TRUE,TRUE,TRUE,TRUE,TRUE,TRUE,TRUE,TRUE,TRUE,TRUE,TRUE,TRUE,TRUE,TRUE,TRUE,TRUE,TRUE,TRUE,FALSE,FALSE,1330.0,11.0
PERLAKUAN_1_FDI,EXP-P1-01,collector-20260728T114259Z-42bbddba,collector-20260728T114259Z-42bbddba-COL-000007,7,ATTACK,2026-07-28T11:43:05.730Z,SUCCESS,SUCCESS,SUCCESS,SUCCESS,SUCCESS,TRUE,501,502,THINGSBOARD_HARDCODED_MOCK,1785238981357,1,1,52,52,52,52,0.0648,65,65,65,0.065,0.00398,40,40,40,0.004,1,1,1,0,0,501,1,0,TRUE,FALSE,FALSE,TRUE,1,0,TRUE,1,0,TRUE,TRUE,TRUE,TRUE,TRUE,TRUE,TRUE,TRUE,TRUE,TRUE,TRUE,TRUE,TRUE,TRUE,TRUE,TRUE,TRUE,TRUE,TRUE,TRUE,TRUE,FALSE,FALSE,2362.0,4.0
PERLAKUAN_1_FDI,EXP-P1-01,collector-20260728T114259Z-42bbddba,collector-20260728T114259Z-42bbddba-COL-000008,8,ATTACK,2026-07-28T11:43:06.721Z,SUCCESS,SUCCESS,SUCCESS,SUCCESS,SUCCESS,TRUE,501,502,THINGSBOARD_HARDCODED_MOCK,1785238981357,1,1,52,52,52,52,0.0648,65,65,65,0.065,0.00398,40,40,40,0.004,1,1,1,0,0,501,1,0,TRUE,FALSE,FALSE,TRUE,1,0,TRUE,1,0,TRUE,TRUE,TRUE,TRUE,TRUE,TRUE,TRUE,TRUE,TRUE,TRUE,TRUE,TRUE,TRUE,TRUE,TRUE,TRUE,TRUE,TRUE,TRUE,TRUE,TRUE,FALSE,FALSE,3351.0,6.0
PERLAKUAN_1_FDI,EXP-P1-01,collector-20260728T114259Z-42bbddba,collector-20260728T114259Z-42bbddba-COL-000009,9,ATTACK,2026-07-28T11:43:07.711Z,SUCCESS,SUCCESS,SUCCESS,SUCCESS,SUCCESS,TRUE,501,502,THINGSBOARD_HARDCODED_MOCK,1785238981357,1,1,52,52,52,52,0.0648,65,65,65,0.065,0.00398,40,40,40,0.004,1,1,1,0,0,501,1,0,TRUE,FALSE,FALSE,TRUE,1,0,TRUE,1,0,TRUE,TRUE,TRUE,TRUE,TRUE,TRUE,TRUE,TRUE,TRUE,TRUE,TRUE,TRUE,TRUE,TRUE,TRUE,TRUE,TRUE,TRUE,TRUE,TRUE,TRUE,FALSE,FALSE,4342.0,5.0
PERLAKUAN_1_FDI,EXP-P1-01,collector-20260728T114259Z-42bbddba,collector-20260728T114259Z-42bbddba-COL-000010,10,ATTACK,2026-07-28T11:43:08.714Z,SUCCESS,SUCCESS,SUCCESS,SUCCESS,SUCCESS,TRUE,501,502,THINGSBOARD_HARDCODED_MOCK,1785238981357,1,1,52,52,100,100,0.0648,65,65,65,0.065,0.00398,40,40,40,0.004,1,1,1,0,0,501,3,2,FALSE,TRUE,FALSE,TRUE,1,0,FALSE,3,2,TRUE,TRUE,TRUE,TRUE,TRUE,FALSE,TRUE,TRUE,TRUE,TRUE,TRUE,TRUE,FALSE,TRUE,TRUE,TRUE,TRUE,TRUE,TRUE,TRUE,FALSE,TRUE,TRUE,5341.0,9.0
PERLAKUAN_1_FDI,EXP-P1-01,collector-20260728T114259Z-42bbddba,collector-20260728T114259Z-42bbddba-COL-000011,11,ATTACK,2026-07-28T11:43:09.716Z,SUCCESS,SUCCESS,SUCCESS,SUCCESS,SUCCESS,TRUE,501,502,THINGSBOARD_HARDCODED_MOCK,1785238981357,1,1,52,52,100,100,0.0648,65,65,65,0.065,0.00398,40,40,40,0.004,1,1,1,0,0,501,3,2,FALSE,TRUE,FALSE,TRUE,1,0,FALSE,3,2,TRUE,TRUE,TRUE,TRUE,TRUE,FALSE,TRUE,TRUE,TRUE,TRUE,TRUE,TRUE,FALSE,TRUE,TRUE,TRUE,TRUE,TRUE,TRUE,TRUE,FALSE,TRUE,TRUE,6343.0,9.0
PERLAKUAN_1_FDI,EXP-P1-01,collector-20260728T114259Z-42bbddba,collector-20260728T114259Z-42bbddba-COL-000012,12,ATTACK,2026-07-28T11:43:10.731Z,SUCCESS,SUCCESS,SUCCESS,SUCCESS,SUCCESS,TRUE,501,502,THINGSBOARD_HARDCODED_MOCK,1785238981357,1,1,52,52,100,100,0.0648,65,65,65,0.065,0.00398,40,40,40,0.004,1,1,1,0,0,501,3,2,FALSE,TRUE,FALSE,TRUE,1,0,FALSE,3,2,TRUE,TRUE,TRUE,TRUE,TRUE,FALSE,TRUE,TRUE,TRUE,TRUE,TRUE,TRUE,FALSE,TRUE,TRUE,TRUE,TRUE,TRUE,TRUE,TRUE,FALSE,TRUE,TRUE,7351.0,16.0
PERLAKUAN_1_FDI,EXP-P1-01,collector-20260728T114259Z-42bbddba,collector-20260728T114259Z-42bbddba-COL-000013,13,ATTACK,2026-07-28T11:43:11.718Z,SUCCESS,SUCCESS,SUCCESS,SUCCESS,SUCCESS,TRUE,502,503,THINGSBOARD_HARDCODED_MOCK,1785238988368,1,1,66,66,100,100,0.0126,13,13,13,0.013,0.00402,40,40,40,0.004,1,1,1,0,0,502,3,2,FALSE,TRUE,FALSE,TRUE,1,0,FALSE,3,2,TRUE,TRUE,TRUE,TRUE,TRUE,FALSE,TRUE,TRUE,TRUE,TRUE,TRUE,TRUE,FALSE,TRUE,TRUE,TRUE,TRUE,TRUE,TRUE,TRUE,FALSE,TRUE,TRUE,1330.0,13.0
PERLAKUAN_1_FDI,EXP-P1-01,collector-20260728T114259Z-42bbddba,collector-20260728T114259Z-42bbddba-COL-000014,14,ATTACK,2026-07-28T11:43:12.711Z,SUCCESS,SUCCESS,SUCCESS,SUCCESS,SUCCESS,TRUE,502,503,THINGSBOARD_HARDCODED_MOCK,1785238988368,1,1,66,66,100,100,0.0126,13,13,13,0.013,0.00402,40,40,40,0.004,1,1,1,0,0,502,3,2,FALSE,TRUE,FALSE,TRUE,1,0,FALSE,3,2,TRUE,TRUE,TRUE,TRUE,TRUE,FALSE,TRUE,TRUE,TRUE,TRUE,TRUE,TRUE,FALSE,TRUE,TRUE,TRUE,TRUE,TRUE,TRUE,TRUE,FALSE,TRUE,TRUE,2330.0,6.0
PERLAKUAN_1_FDI,EXP-P1-01,collector-20260728T114259Z-42bbddba,collector-20260728T114259Z-42bbddba-COL-000015,15,ATTACK,2026-07-28T11:43:13.710Z,SUCCESS,SUCCESS,SUCCESS,SUCCESS,SUCCESS,TRUE,502,503,THINGSBOARD_HARDCODED_MOCK,1785238988368,1,1,66,66,100,100,0.0126,13,13,13,0.013,0.00402,40,40,40,0.004,1,1,1,0,0,502,3,2,FALSE,TRUE,FALSE,TRUE,1,0,FALSE,3,2,TRUE,TRUE,TRUE,TRUE,TRUE,FALSE,TRUE,TRUE,TRUE,TRUE,TRUE,TRUE,FALSE,TRUE,TRUE,TRUE,TRUE,TRUE,TRUE,TRUE,FALSE,TRUE,TRUE,3330.0,5.0
PERLAKUAN_1_FDI,EXP-P1-01,collector-20260728T114259Z-42bbddba,collector-20260728T114259Z-42bbddba-COL-000016,16,ATTACK,2026-07-28T11:43:14.708Z,SUCCESS,SUCCESS,SUCCESS,SUCCESS,SUCCESS,TRUE,502,503,THINGSBOARD_HARDCODED_MOCK,1785238988368,1,1,66,66,100,100,0.0126,13,13,13,0.013,0.00402,40,40,40,0.004,1,1,1,0,0,502,3,2,FALSE,TRUE,FALSE,TRUE,1,0,FALSE,3,2,TRUE,TRUE,TRUE,TRUE,TRUE,FALSE,TRUE,TRUE,TRUE,TRUE,TRUE,TRUE,FALSE,TRUE,TRUE,TRUE,TRUE,TRUE,TRUE,TRUE,FALSE,TRUE,TRUE,4321.0,12.0
PERLAKUAN_1_FDI,EXP-P1-01,collector-20260728T114259Z-42bbddba,collector-20260728T114259Z-42bbddba-COL-000017,17,ATTACK,2026-07-28T11:43:15.731Z,SUCCESS,SUCCESS,SUCCESS,SUCCESS,SUCCESS,TRUE,502,503,THINGSBOARD_HARDCODED_MOCK,1785238988368,1,1,66,66,100,100,0.0126,13,13,13,0.013,0.00402,40,40,40,0.004,1,1,1,0,0,502,3,2,FALSE,TRUE,FALSE,TRUE,1,0,FALSE,3,2,TRUE,TRUE,TRUE,TRUE,TRUE,FALSE,TRUE,TRUE,TRUE,TRUE,TRUE,TRUE,FALSE,TRUE,TRUE,TRUE,TRUE,TRUE,TRUE,TRUE,FALSE,TRUE,TRUE,5344.0,12.0
PERLAKUAN_1_FDI,EXP-P1-01,collector-20260728T114259Z-42bbddba,collector-20260728T114259Z-42bbddba-COL-000018,18,ATTACK,2026-07-28T11:43:16.720Z,SUCCESS,SUCCESS,SUCCESS,SUCCESS,SUCCESS,TRUE,502,503,THINGSBOARD_HARDCODED_MOCK,1785238988368,1,1,66,66,100,100,0.0126,13,13,13,0.013,0.00402,40,40,40,0.004,1,1,1,0,0,502,3,2,FALSE,TRUE,FALSE,TRUE,1,0,FALSE,3,2,TRUE,TRUE,TRUE,TRUE,TRUE,FALSE,TRUE,TRUE,TRUE,TRUE,TRUE,TRUE,FALSE,TRUE,TRUE,TRUE,TRUE,TRUE,TRUE,TRUE,FALSE,TRUE,TRUE,6338.0,7.0
PERLAKUAN_1_FDI,EXP-P1-01,collector-20260728T114259Z-42bbddba,collector-20260728T114259Z-42bbddba-COL-000019,19,ATTACK,2026-07-28T11:43:17.708Z,SUCCESS,SUCCESS,SUCCESS,SUCCESS,SUCCESS,TRUE,502,503,THINGSBOARD_HARDCODED_MOCK,1785238988368,1,1,66,66,100,100,0.0126,13,13,13,0.013,0.00402,40,40,40,0.004,1,1,1,0,0,502,3,2,FALSE,TRUE,FALSE,TRUE,1,0,FALSE,3,2,TRUE,TRUE,TRUE,TRUE,TRUE,FALSE,TRUE,TRUE,TRUE,TRUE,TRUE,TRUE,FALSE,TRUE,TRUE,TRUE,TRUE,TRUE,TRUE,TRUE,FALSE,TRUE,TRUE,7328.0,5.0
PERLAKUAN_1_FDI,EXP-P1-01,collector-20260728T114259Z-42bbddba,collector-20260728T114259Z-42bbddba-COL-000020,20,ATTACK,2026-07-28T11:43:18.710Z,SUCCESS,SUCCESS,SUCCESS,SUCCESS,SUCCESS,TRUE,503,504,THINGSBOARD_HARDCODED_MOCK,1785238995378,1,1,79,79,100,100,0.0123,12,12,12,0.012,0.00403,40,40,40,0.004,1,1,1,0,0,503,3,2,FALSE,TRUE,FALSE,TRUE,1,0,FALSE,3,2,TRUE,TRUE,TRUE,TRUE,TRUE,FALSE,TRUE,TRUE,TRUE,TRUE,TRUE,TRUE,FALSE,TRUE,TRUE,TRUE,TRUE,TRUE,TRUE,TRUE,FALSE,TRUE,TRUE,1318.0,7.0
PERLAKUAN_1_FDI,EXP-P1-01,collector-20260728T114259Z-42bbddba,collector-20260728T114259Z-42bbddba-COL-000021,21,ATTACK,2026-07-28T11:43:19.986Z,SUCCESS,SUCCESS,SUCCESS,SUCCESS,SUCCESS,TRUE,503,504,THINGSBOARD_HARDCODED_MOCK,1785238995378,1,1,79,79,100,100,0.0123,12,12,12,0.012,0.00403,40,40,40,0.004,1,1,1,0,0,503,3,2,FALSE,TRUE,FALSE,TRUE,1,0,FALSE,3,2,TRUE,TRUE,TRUE,TRUE,TRUE,FALSE,TRUE,TRUE,TRUE,TRUE,TRUE,TRUE,FALSE,TRUE,TRUE,TRUE,TRUE,TRUE,TRUE,TRUE,FALSE,TRUE,TRUE,2316.0,285.0
PERLAKUAN_1_FDI,EXP-P1-01,collector-20260728T114259Z-42bbddba,collector-20260728T114259Z-42bbddba-COL-000022,22,ATTACK,2026-07-28T11:43:20.726Z,SUCCESS,SUCCESS,SUCCESS,SUCCESS,SUCCESS,TRUE,503,504,THINGSBOARD_HARDCODED_MOCK,1785238995378,1,1,79,79,100,100,0.0123,12,12,12,0.012,0.00403,40,40,40,0.004,1,1,1,0,0,503,3,2,FALSE,TRUE,FALSE,TRUE,1,0,FALSE,3,2,TRUE,TRUE,TRUE,TRUE,TRUE,FALSE,TRUE,TRUE,TRUE,TRUE,TRUE,TRUE,FALSE,TRUE,TRUE,TRUE,TRUE,TRUE,TRUE,TRUE,FALSE,TRUE,TRUE,3335.0,6.0
PERLAKUAN_1_FDI,EXP-P1-01,collector-20260728T114259Z-42bbddba,collector-20260728T114259Z-42bbddba-COL-000023,23,ATTACK,2026-07-28T11:43:21.706Z,SUCCESS,SUCCESS,SUCCESS,SUCCESS,SUCCESS,TRUE,503,504,THINGSBOARD_HARDCODED_MOCK,1785238995378,1,1,79,79,100,100,0.0123,12,12,12,0.012,0.00403,40,40,40,0.004,1,1,1,0,0,503,3,2,FALSE,TRUE,FALSE,TRUE,1,0,FALSE,3,2,TRUE,TRUE,TRUE,TRUE,TRUE,FALSE,TRUE,TRUE,TRUE,TRUE,TRUE,TRUE,FALSE,TRUE,TRUE,TRUE,TRUE,TRUE,TRUE,TRUE,FALSE,TRUE,TRUE,4316.0,5.0
PERLAKUAN_1_FDI,EXP-P1-01,collector-20260728T114259Z-42bbddba,collector-20260728T114259Z-42bbddba-COL-000024,24,ATTACK,2026-07-28T11:43:22.716Z,SUCCESS,SUCCESS,SUCCESS,SUCCESS,SUCCESS,TRUE,503,504,THINGSBOARD_HARDCODED_MOCK,1785238995378,1,1,79,79,100,100,0.0123,12,12,12,0.012,0.00403,40,40,40,0.004,1,1,1,0,0,503,3,2,FALSE,TRUE,FALSE,TRUE,1,0,FALSE,3,2,TRUE,TRUE,TRUE,TRUE,TRUE,FALSE,TRUE,TRUE,TRUE,TRUE,TRUE,TRUE,FALSE,TRUE,TRUE,TRUE,TRUE,TRUE,TRUE,TRUE,FALSE,TRUE,TRUE,5324.0,7.0
PERLAKUAN_1_FDI,EXP-P1-01,collector-20260728T114259Z-42bbddba,collector-20260728T114259Z-42bbddba-COL-000025,25,ATTACK,2026-07-28T11:43:23.728Z,SUCCESS,SUCCESS,SUCCESS,SUCCESS,SUCCESS,TRUE,503,504,THINGSBOARD_HARDCODED_MOCK,1785238995378,1,1,79,79,100,100,0.0123,12,12,12,0.012,0.00403,40,40,40,0.004,1,1,1,0,0,503,3,2,FALSE,TRUE,FALSE,TRUE,1,0,FALSE,3,2,TRUE,TRUE,TRUE,TRUE,TRUE,FALSE,TRUE,TRUE,TRUE,TRUE,TRUE,TRUE,FALSE,TRUE,TRUE,TRUE,TRUE,TRUE,TRUE,TRUE,FALSE,TRUE,TRUE,6335.0,8.0
PERLAKUAN_1_FDI,EXP-P1-01,collector-20260728T114259Z-42bbddba,collector-20260728T114259Z-42bbddba-COL-000026,26,ATTACK,2026-07-28T11:43:24.716Z,SUCCESS,SUCCESS,SUCCESS,SUCCESS,SUCCESS,TRUE,503,504,THINGSBOARD_HARDCODED_MOCK,1785238995378,1,1,79,79,100,100,0.0123,12,12,12,0.012,0.00403,40,40,40,0.004,1,1,1,0,0,503,3,2,FALSE,TRUE,FALSE,TRUE,1,0,FALSE,3,2,TRUE,TRUE,TRUE,TRUE,TRUE,FALSE,TRUE,TRUE,TRUE,TRUE,TRUE,TRUE,FALSE,TRUE,TRUE,TRUE,TRUE,TRUE,TRUE,TRUE,FALSE,TRUE,TRUE,7326.0,5.0
PERLAKUAN_1_FDI,EXP-P1-01,collector-20260728T114259Z-42bbddba,collector-20260728T114259Z-42bbddba-COL-000027,27,ATTACK,2026-07-28T11:43:25.727Z,SUCCESS,SUCCESS,SUCCESS,SUCCESS,SUCCESS,TRUE,504,505,THINGSBOARD_HARDCODED_MOCK,1785239002388,1,1,88,88,100,100,0.0021,2,2,2,0.002,0.00404,40,40,40,0.004,1,1,1,0,0,504,3,2,FALSE,TRUE,FALSE,TRUE,1,0,FALSE,3,2,TRUE,TRUE,TRUE,TRUE,TRUE,FALSE,TRUE,TRUE,TRUE,TRUE,TRUE,TRUE,FALSE,TRUE,TRUE,TRUE,TRUE,TRUE,TRUE,TRUE,FALSE,TRUE,TRUE,1327.0,5.0
PERLAKUAN_1_FDI,EXP-P1-01,collector-20260728T114259Z-42bbddba,collector-20260728T114259Z-42bbddba-COL-000028,28,ATTACK,2026-07-28T11:43:26.870Z,SUCCESS,SUCCESS,SUCCESS,SUCCESS,SUCCESS,TRUE,504,505,THINGSBOARD_HARDCODED_MOCK,1785239002388,1,1,88,88,100,100,0.0021,2,2,2,0.002,0.00404,40,40,40,0.004,1,1,1,0,0,504,3,2,FALSE,TRUE,FALSE,TRUE,1,0,FALSE,3,2,TRUE,TRUE,TRUE,TRUE,TRUE,FALSE,TRUE,TRUE,TRUE,TRUE,TRUE,TRUE,FALSE,TRUE,TRUE,TRUE,TRUE,TRUE,TRUE,TRUE,FALSE,TRUE,TRUE,2308.0,167.0
PERLAKUAN_1_FDI,EXP-P1-01,collector-20260728T114259Z-42bbddba,collector-20260728T114259Z-42bbddba-COL-000029,29,ATTACK,2026-07-28T11:43:27.710Z,SUCCESS,SUCCESS,SUCCESS,SUCCESS,SUCCESS,TRUE,504,505,THINGSBOARD_HARDCODED_MOCK,1785239002388,1,1,88,88,100,100,0.0021,2,2,2,0.002,0.00404,40,40,40,0.004,1,1,1,0,0,504,3,2,FALSE,TRUE,FALSE,TRUE,1,0,FALSE,3,2,TRUE,TRUE,TRUE,TRUE,TRUE,FALSE,TRUE,TRUE,TRUE,TRUE,TRUE,TRUE,FALSE,TRUE,TRUE,TRUE,TRUE,TRUE,TRUE,TRUE,FALSE,TRUE,TRUE,3310.0,5.0
PERLAKUAN_1_FDI,EXP-P1-01,collector-20260728T114259Z-42bbddba,collector-20260728T114259Z-42bbddba-COL-000030,30,ATTACK,2026-07-28T11:43:28.942Z,SUCCESS,SUCCESS,SUCCESS,SUCCESS,SUCCESS,TRUE,504,505,THINGSBOARD_HARDCODED_MOCK,1785239002388,1,1,88,88,100,100,0.0021,2,2,2,0.002,0.00404,40,40,40,0.004,1,1,1,0,0,504,3,2,FALSE,TRUE,FALSE,TRUE,1,0,FALSE,3,2,TRUE,TRUE,TRUE,TRUE,TRUE,FALSE,TRUE,TRUE,TRUE,TRUE,TRUE,TRUE,FALSE,TRUE,TRUE,TRUE,TRUE,TRUE,TRUE,TRUE,FALSE,TRUE,TRUE,4309.0,238.0
PERLAKUAN_1_FDI,EXP-P1-01,collector-20260728T114259Z-42bbddba,collector-20260728T114259Z-42bbddba-COL-000031,31,ATTACK,2026-07-28T11:43:29.725Z,SUCCESS,SUCCESS,SUCCESS,SUCCESS,SUCCESS,TRUE,504,505,THINGSBOARD_HARDCODED_MOCK,1785239002388,1,1,88,88,100,100,0.0021,2,2,2,0.002,0.00404,40,40,40,0.004,1,1,1,0,0,504,3,2,FALSE,TRUE,FALSE,TRUE,1,0,FALSE,3,2,TRUE,TRUE,TRUE,TRUE,TRUE,FALSE,TRUE,TRUE,TRUE,TRUE,TRUE,TRUE,FALSE,TRUE,TRUE,TRUE,TRUE,TRUE,TRUE,TRUE,FALSE,TRUE,TRUE,5324.0,6.0
PERLAKUAN_1_FDI,EXP-P1-01,collector-20260728T114259Z-42bbddba,collector-20260728T114259Z-42bbddba-COL-000032,32,ATTACK,2026-07-28T11:43:30.718Z,SUCCESS,SUCCESS,SUCCESS,SUCCESS,SUCCESS,TRUE,504,505,THINGSBOARD_HARDCODED_MOCK,1785239002388,1,1,88,88,100,100,0.0021,2,2,2,0.002,0.00404,40,40,40,0.004,1,1,1,0,0,504,3,2,FALSE,TRUE,FALSE,TRUE,1,0,FALSE,3,2,TRUE,TRUE,TRUE,TRUE,TRUE,FALSE,TRUE,TRUE,TRUE,TRUE,TRUE,TRUE,FALSE,TRUE,TRUE,TRUE,TRUE,TRUE,TRUE,TRUE,FALSE,TRUE,TRUE,6318.0,5.0
PERLAKUAN_1_FDI,EXP-P1-01,collector-20260728T114259Z-42bbddba,collector-20260728T114259Z-42bbddba-COL-000033,33,ATTACK,2026-07-28T11:43:31.716Z,SUCCESS,SUCCESS,SUCCESS,SUCCESS,SUCCESS,TRUE,504,505,THINGSBOARD_HARDCODED_MOCK,1785239002388,1,1,88,88,100,100,0.0021,2,2,2,0.002,0.00404,40,40,40,0.004,1,1,1,0,0,504,3,2,FALSE,TRUE,FALSE,TRUE,1,0,FALSE,3,2,TRUE,TRUE,TRUE,TRUE,TRUE,FALSE,TRUE,TRUE,TRUE,TRUE,TRUE,TRUE,FALSE,TRUE,TRUE,TRUE,TRUE,TRUE,TRUE,TRUE,FALSE,TRUE,TRUE,7315.0,6.0
PERLAKUAN_1_FDI,EXP-P1-01,collector-20260728T114259Z-42bbddba,collector-20260728T114259Z-42bbddba-COL-000034,34,ATTACK,2026-07-28T11:43:32.725Z,SUCCESS,SUCCESS,SUCCESS,SUCCESS,SUCCESS,TRUE,505,506,THINGSBOARD_HARDCODED_MOCK,1785239009397,1,1,12,12,100,100,0.3778,378,378,378,0.378,0.00222,22,22,22,0.0022,1,1,1,0,0,505,3,2,FALSE,TRUE,FALSE,TRUE,1,0,FALSE,3,2,TRUE,TRUE,TRUE,TRUE,TRUE,FALSE,TRUE,TRUE,TRUE,TRUE,TRUE,TRUE,FALSE,TRUE,TRUE,TRUE,TRUE,TRUE,TRUE,TRUE,FALSE,TRUE,TRUE,1310.0,8.0
PERLAKUAN_1_FDI,EXP-P1-01,collector-20260728T114259Z-42bbddba,collector-20260728T114259Z-42bbddba-COL-000035,35,ATTACK,2026-07-28T11:43:33.712Z,SUCCESS,SUCCESS,SUCCESS,SUCCESS,SUCCESS,TRUE,505,506,THINGSBOARD_HARDCODED_MOCK,1785239009397,1,1,12,12,100,100,0.3778,378,378,378,0.378,0.00222,22,22,22,0.0022,1,1,1,0,0,505,3,2,FALSE,TRUE,FALSE,TRUE,1,0,FALSE,3,2,TRUE,TRUE,TRUE,TRUE,TRUE,FALSE,TRUE,TRUE,TRUE,TRUE,TRUE,TRUE,FALSE,TRUE,TRUE,TRUE,TRUE,TRUE,TRUE,TRUE,FALSE,TRUE,TRUE,2301.0,4.0
PERLAKUAN_1_FDI,EXP-P1-01,collector-20260728T114259Z-42bbddba,collector-20260728T114259Z-42bbddba-COL-000036,36,ATTACK,2026-07-28T11:43:34.712Z,SUCCESS,SUCCESS,SUCCESS,SUCCESS,SUCCESS,TRUE,505,506,THINGSBOARD_HARDCODED_MOCK,1785239009397,1,1,12,12,100,100,0.3778,378,378,378,0.378,0.00222,22,22,22,0.0022,1,1,1,0,0,505,3,2,FALSE,TRUE,FALSE,TRUE,1,0,FALSE,3,2,TRUE,TRUE,TRUE,TRUE,TRUE,FALSE,TRUE,TRUE,TRUE,TRUE,TRUE,TRUE,FALSE,TRUE,TRUE,TRUE,TRUE,TRUE,TRUE,TRUE,FALSE,TRUE,TRUE,3300.0,5.0
PERLAKUAN_1_FDI,EXP-P1-01,collector-20260728T114259Z-42bbddba,collector-20260728T114259Z-42bbddba-COL-000037,37,ATTACK,2026-07-28T11:43:35.732Z,SUCCESS,SUCCESS,SUCCESS,SUCCESS,SUCCESS,TRUE,505,506,THINGSBOARD_HARDCODED_MOCK,1785239009397,1,1,12,12,100,100,0.3778,378,378,378,0.378,0.00222,22,22,22,0.0022,1,1,1,0,0,505,3,2,FALSE,TRUE,FALSE,TRUE,1,0,FALSE,3,2,TRUE,TRUE,TRUE,TRUE,TRUE,FALSE,TRUE,TRUE,TRUE,TRUE,TRUE,TRUE,FALSE,TRUE,TRUE,TRUE,TRUE,TRUE,TRUE,TRUE,FALSE,TRUE,TRUE,4319.0,6.0
PERLAKUAN_1_FDI,EXP-P1-01,collector-20260728T114259Z-42bbddba,collector-20260728T114259Z-42bbddba-COL-000038,38,ATTACK,2026-07-28T11:43:36.728Z,SUCCESS,SUCCESS,SUCCESS,SUCCESS,SUCCESS,TRUE,505,506,THINGSBOARD_HARDCODED_MOCK,1785239009397,1,1,12,12,100,100,0.3778,378,378,378,0.378,0.00222,22,22,22,0.0022,1,1,1,0,0,505,3,2,FALSE,TRUE,FALSE,TRUE,1,0,FALSE,3,2,TRUE,TRUE,TRUE,TRUE,TRUE,FALSE,TRUE,TRUE,TRUE,TRUE,TRUE,TRUE,FALSE,TRUE,TRUE,TRUE,TRUE,TRUE,TRUE,TRUE,FALSE,TRUE,TRUE,5315.0,6.0
PERLAKUAN_1_FDI,EXP-P1-01,collector-20260728T114259Z-42bbddba,collector-20260728T114259Z-42bbddba-COL-000039,39,ATTACK,2026-07-28T11:43:37.728Z,SUCCESS,SUCCESS,SUCCESS,SUCCESS,SUCCESS,TRUE,505,506,THINGSBOARD_HARDCODED_MOCK,1785239009397,1,1,12,12,100,100,0.3778,378,378,378,0.378,0.00222,22,22,22,0.0022,1,1,1,0,0,505,3,2,FALSE,TRUE,FALSE,TRUE,1,0,FALSE,3,2,TRUE,TRUE,TRUE,TRUE,TRUE,FALSE,TRUE,TRUE,TRUE,TRUE,TRUE,TRUE,FALSE,TRUE,TRUE,TRUE,TRUE,TRUE,TRUE,TRUE,FALSE,TRUE,TRUE,6316.0,5.0
PERLAKUAN_1_FDI,EXP-P1-01,collector-20260728T114259Z-42bbddba,collector-20260728T114259Z-42bbddba-COL-000040,40,ATTACK,2026-07-28T11:43:38.716Z,SUCCESS,SUCCESS,SUCCESS,SUCCESS,SUCCESS,TRUE,505,506,THINGSBOARD_HARDCODED_MOCK,1785239009397,1,1,12,12,100,100,0.3778,378,378,378,0.378,0.00222,22,22,22,0.0022,1,1,1,0,0,505,3,2,FALSE,TRUE,FALSE,TRUE,1,0,FALSE,3,2,TRUE,TRUE,TRUE,TRUE,TRUE,FALSE,TRUE,TRUE,TRUE,TRUE,TRUE,TRUE,FALSE,TRUE,TRUE,TRUE,TRUE,TRUE,TRUE,TRUE,FALSE,TRUE,TRUE,7302.0,7.0
PERLAKUAN_1_FDI,EXP-P1-01,collector-20260728T114259Z-42bbddba,collector-20260728T114259Z-42bbddba-COL-000041,41,ATTACK,2026-07-28T11:43:39.729Z,SUCCESS,SUCCESS,SUCCESS,SUCCESS,SUCCESS,TRUE,506,507,THINGSBOARD_HARDCODED_MOCK,1785239016410,1,1,18,18,18,18,0.492,492,492,492,0.492,0.00275,28,28,28,0.0028,1,1,1,0,0,506,1,0,TRUE,FALSE,FALSE,TRUE,1,0,TRUE,1,0,TRUE,TRUE,TRUE,TRUE,TRUE,TRUE,TRUE,TRUE,TRUE,TRUE,TRUE,TRUE,TRUE,TRUE,TRUE,TRUE,TRUE,TRUE,TRUE,TRUE,TRUE,FALSE,FALSE,1295.0,6.0
PERLAKUAN_1_FDI,EXP-P1-01,collector-20260728T114259Z-42bbddba,collector-20260728T114259Z-42bbddba-COL-000042,42,ATTACK,2026-07-28T11:43:40.733Z,SUCCESS,SUCCESS,SUCCESS,SUCCESS,SUCCESS,TRUE,506,507,THINGSBOARD_HARDCODED_MOCK,1785239016410,1,1,18,18,18,18,0.492,492,492,492,0.492,0.00275,28,28,28,0.0028,1,1,1,0,0,506,1,0,TRUE,FALSE,FALSE,TRUE,1,0,TRUE,1,0,TRUE,TRUE,TRUE,TRUE,TRUE,TRUE,TRUE,TRUE,TRUE,TRUE,TRUE,TRUE,TRUE,TRUE,TRUE,TRUE,TRUE,TRUE,TRUE,TRUE,TRUE,FALSE,FALSE,2300.0,5.0
PERLAKUAN_1_FDI,EXP-P1-01,collector-20260728T114259Z-42bbddba,collector-20260728T114259Z-42bbddba-COL-000043,43,ATTACK,2026-07-28T11:43:41.730Z,SUCCESS,SUCCESS,SUCCESS,SUCCESS,SUCCESS,TRUE,506,507,THINGSBOARD_HARDCODED_MOCK,1785239016410,1,1,18,18,18,18,0.492,492,492,492,0.492,0.00275,28,28,28,0.0028,1,1,1,0,0,506,1,0,TRUE,FALSE,FALSE,TRUE,1,0,TRUE,1,0,TRUE,TRUE,TRUE,TRUE,TRUE,TRUE,TRUE,TRUE,TRUE,TRUE,TRUE,TRUE,TRUE,TRUE,TRUE,TRUE,TRUE,TRUE,TRUE,TRUE,TRUE,FALSE,FALSE,3293.0,9.0
PERLAKUAN_1_FDI,EXP-P1-01,collector-20260728T114259Z-42bbddba,collector-20260728T114259Z-42bbddba-COL-000044,44,ATTACK,2026-07-28T11:43:43.089Z,SUCCESS,SUCCESS,SUCCESS,SUCCESS,SUCCESS,TRUE,506,507,THINGSBOARD_HARDCODED_MOCK,1785239016410,1,1,18,18,18,18,0.492,492,492,492,0.492,0.00275,28,28,28,0.0028,1,1,1,0,0,506,1,0,TRUE,FALSE,FALSE,TRUE,1,0,TRUE,1,0,TRUE,TRUE,TRUE,TRUE,TRUE,TRUE,TRUE,TRUE,TRUE,TRUE,TRUE,TRUE,TRUE,TRUE,TRUE,TRUE,TRUE,TRUE,TRUE,TRUE,TRUE,FALSE,FALSE,4283.0,378.0
PERLAKUAN_1_FDI,EXP-P1-01,collector-20260728T114259Z-42bbddba,collector-20260728T114259Z-42bbddba-COL-000045,45,ATTACK,2026-07-28T11:43:43.731Z,SUCCESS,SUCCESS,SUCCESS,SUCCESS,SUCCESS,TRUE,506,507,THINGSBOARD_HARDCODED_MOCK,1785239016410,1,1,18,18,18,18,0.492,492,492,492,0.492,0.00275,28,28,28,0.0028,1,1,1,0,0,506,1,0,TRUE,FALSE,FALSE,TRUE,1,0,TRUE,1,0,TRUE,TRUE,TRUE,TRUE,TRUE,TRUE,TRUE,TRUE,TRUE,TRUE,TRUE,TRUE,TRUE,TRUE,TRUE,TRUE,TRUE,TRUE,TRUE,TRUE,TRUE,FALSE,FALSE,5293.0,10.0
PERLAKUAN_1_FDI,EXP-P1-01,collector-20260728T114259Z-42bbddba,collector-20260728T114259Z-42bbddba-COL-000046,46,ATTACK,2026-07-28T11:43:44.732Z,SUCCESS,SUCCESS,SUCCESS,SUCCESS,SUCCESS,TRUE,506,507,THINGSBOARD_HARDCODED_MOCK,1785239016410,1,1,18,18,18,18,0.492,492,492,492,0.492,0.00275,28,28,28,0.0028,1,1,1,0,0,506,1,0,TRUE,FALSE,FALSE,TRUE,1,0,TRUE,1,0,TRUE,TRUE,TRUE,TRUE,TRUE,TRUE,TRUE,TRUE,TRUE,TRUE,TRUE,TRUE,TRUE,TRUE,TRUE,TRUE,TRUE,TRUE,TRUE,TRUE,TRUE,FALSE,FALSE,6298.0,6.0
PERLAKUAN_1_FDI,EXP-P1-01,collector-20260728T114259Z-42bbddba,collector-20260728T114259Z-42bbddba-COL-000047,47,RECOVERY,2026-07-28T11:43:45.744Z,SUCCESS,SUCCESS,SUCCESS,SUCCESS,SUCCESS,TRUE,506,507,THINGSBOARD_HARDCODED_MOCK,1785239016410,1,1,18,18,18,18,0.492,492,492,492,0.492,0.00275,28,28,28,0.0028,1,1,1,0,0,506,1,0,TRUE,FALSE,FALSE,TRUE,1,0,TRUE,1,0,TRUE,TRUE,TRUE,TRUE,TRUE,TRUE,TRUE,TRUE,TRUE,TRUE,TRUE,TRUE,TRUE,TRUE,TRUE,TRUE,TRUE,TRUE,TRUE,TRUE,TRUE,FALSE,FALSE,7308.0,8.0
PERLAKUAN_1_FDI,EXP-P1-01,collector-20260728T114259Z-42bbddba,collector-20260728T114259Z-42bbddba-COL-000048,48,RECOVERY,2026-07-28T11:43:46.722Z,SUCCESS,SUCCESS,SUCCESS,SUCCESS,SUCCESS,TRUE,507,508,THINGSBOARD_HARDCODED_MOCK,1785239023432,1,1,27,27,27,27,0.5202,520,520,520,0.52,0.00331,33,33,33,0.0033,1,1,1,0,0,507,1,0,TRUE,FALSE,FALSE,TRUE,1,0,TRUE,1,0,TRUE,TRUE,TRUE,TRUE,TRUE,TRUE,TRUE,TRUE,TRUE,TRUE,TRUE,TRUE,TRUE,TRUE,TRUE,TRUE,TRUE,TRUE,TRUE,TRUE,TRUE,FALSE,FALSE,1276.0,7.0
PERLAKUAN_1_FDI,EXP-P1-01,collector-20260728T114259Z-42bbddba,collector-20260728T114259Z-42bbddba-COL-000049,49,RECOVERY,2026-07-28T11:43:47.717Z,SUCCESS,SUCCESS,SUCCESS,SUCCESS,SUCCESS,TRUE,507,508,THINGSBOARD_HARDCODED_MOCK,1785239023432,1,1,27,27,27,27,0.5202,520,520,520,0.52,0.00331,33,33,33,0.0033,1,1,1,0,0,507,1,0,TRUE,FALSE,FALSE,TRUE,1,0,TRUE,1,0,TRUE,TRUE,TRUE,TRUE,TRUE,TRUE,TRUE,TRUE,TRUE,TRUE,TRUE,TRUE,TRUE,TRUE,TRUE,TRUE,TRUE,TRUE,TRUE,TRUE,TRUE,FALSE,FALSE,2273.0,5.0
PERLAKUAN_1_FDI,EXP-P1-01,collector-20260728T114259Z-42bbddba,collector-20260728T114259Z-42bbddba-COL-000050,50,RECOVERY,2026-07-28T11:43:48.723Z,SUCCESS,SUCCESS,SUCCESS,SUCCESS,SUCCESS,TRUE,507,508,THINGSBOARD_HARDCODED_MOCK,1785239023432,1,1,27,27,27,27,0.5202,520,520,520,0.52,0.00331,33,33,33,0.0033,1,1,1,0,0,507,1,0,TRUE,FALSE,FALSE,TRUE,1,0,TRUE,1,0,TRUE,TRUE,TRUE,TRUE,TRUE,TRUE,TRUE,TRUE,TRUE,TRUE,TRUE,TRUE,TRUE,TRUE,TRUE,TRUE,TRUE,TRUE,TRUE,TRUE,TRUE,FALSE,FALSE,3276.0,8.0
PERLAKUAN_1_FDI,EXP-P1-01,collector-20260728T114259Z-42bbddba,collector-20260728T114259Z-42bbddba-COL-000051,51,RECOVERY,2026-07-28T11:43:49.745Z,SUCCESS,SUCCESS,SUCCESS,SUCCESS,SUCCESS,TRUE,507,508,THINGSBOARD_HARDCODED_MOCK,1785239023432,1,1,27,27,27,27,0.5202,520,520,520,0.52,0.00331,33,33,33,0.0033,1,1,1,0,0,507,1,0,TRUE,FALSE,FALSE,TRUE,1,0,TRUE,1,0,TRUE,TRUE,TRUE,TRUE,TRUE,TRUE,TRUE,TRUE,TRUE,TRUE,TRUE,TRUE,TRUE,TRUE,TRUE,TRUE,TRUE,TRUE,TRUE,TRUE,TRUE,FALSE,FALSE,4297.0,9.0
PERLAKUAN_1_FDI,EXP-P1-01,collector-20260728T114259Z-42bbddba,collector-20260728T114259Z-42bbddba-COL-000052,52,RECOVERY,2026-07-28T11:43:50.725Z,SUCCESS,SUCCESS,SUCCESS,SUCCESS,SUCCESS,TRUE,507,508,THINGSBOARD_HARDCODED_MOCK,1785239023432,1,1,27,27,27,27,0.5202,520,520,520,0.52,0.00331,33,33,33,0.0033,1,1,1,0,0,507,1,0,TRUE,FALSE,FALSE,TRUE,1,0,TRUE,1,0,TRUE,TRUE,TRUE,TRUE,TRUE,TRUE,TRUE,TRUE,TRUE,TRUE,TRUE,TRUE,TRUE,TRUE,TRUE,TRUE,TRUE,TRUE,TRUE,TRUE,TRUE,FALSE,FALSE,5279.0,7.0
PERLAKUAN_1_FDI,EXP-P1-01,collector-20260728T114259Z-42bbddba,collector-20260728T114259Z-42bbddba-COL-000053,53,RECOVERY,2026-07-28T11:43:51.741Z,SUCCESS,SUCCESS,SUCCESS,SUCCESS,SUCCESS,TRUE,507,508,THINGSBOARD_HARDCODED_MOCK,1785239023432,1,1,27,27,27,27,0.5202,520,520,520,0.52,0.00331,33,33,33,0.0033,1,1,1,0,0,507,1,0,TRUE,FALSE,FALSE,TRUE,1,0,TRUE,1,0,TRUE,TRUE,TRUE,TRUE,TRUE,TRUE,TRUE,TRUE,TRUE,TRUE,TRUE,TRUE,TRUE,TRUE,TRUE,TRUE,TRUE,TRUE,TRUE,TRUE,TRUE,FALSE,FALSE,6294.0,8.0
PERLAKUAN_1_FDI,EXP-P1-01,collector-20260728T114259Z-42bbddba,collector-20260728T114259Z-42bbddba-COL-000054,54,RECOVERY,2026-07-28T11:43:52.722Z,SUCCESS,SUCCESS,SUCCESS,SUCCESS,SUCCESS,TRUE,507,508,THINGSBOARD_HARDCODED_MOCK,1785239023432,1,1,27,27,27,27,0.5202,520,520,520,0.52,0.00331,33,33,33,0.0033,1,1,1,0,0,507,1,0,TRUE,FALSE,FALSE,TRUE,1,0,TRUE,1,0,TRUE,TRUE,TRUE,TRUE,TRUE,TRUE,TRUE,TRUE,TRUE,TRUE,TRUE,TRUE,TRUE,TRUE,TRUE,TRUE,TRUE,TRUE,TRUE,TRUE,TRUE,FALSE,FALSE,7276.0,7.0
PERLAKUAN_1_FDI,EXP-P1-01,collector-20260728T114259Z-42bbddba,collector-20260728T114259Z-42bbddba-COL-000055,55,POST_RECOVERY,2026-07-28T11:43:53.736Z,SUCCESS,SUCCESS,SUCCESS,SUCCESS,SUCCESS,TRUE,508,509,THINGSBOARD_HARDCODED_MOCK,1785239030442,1,1,39,39,39,39,0.3753,375,375,375,0.375,0.00378,38,38,38,0.0038,1,1,1,0,0,508,1,0,TRUE,FALSE,FALSE,TRUE,1,0,TRUE,1,0,TRUE,TRUE,TRUE,TRUE,TRUE,TRUE,TRUE,TRUE,TRUE,TRUE,TRUE,TRUE,TRUE,TRUE,TRUE,TRUE,TRUE,TRUE,TRUE,TRUE,TRUE,FALSE,FALSE,1281.0,6.0
PERLAKUAN_1_FDI,EXP-P1-01,collector-20260728T114259Z-42bbddba,collector-20260728T114259Z-42bbddba-COL-000056,56,POST_RECOVERY,2026-07-28T11:43:54.729Z,SUCCESS,SUCCESS,SUCCESS,SUCCESS,SUCCESS,TRUE,508,509,THINGSBOARD_HARDCODED_MOCK,1785239030442,1,1,39,39,39,39,0.3753,375,375,375,0.375,0.00378,38,38,38,0.0038,1,1,1,0,0,508,1,0,TRUE,FALSE,FALSE,TRUE,1,0,TRUE,1,0,TRUE,TRUE,TRUE,TRUE,TRUE,TRUE,TRUE,TRUE,TRUE,TRUE,TRUE,TRUE,TRUE,TRUE,TRUE,TRUE,TRUE,TRUE,TRUE,TRUE,TRUE,FALSE,FALSE,2272.0,8.0
PERLAKUAN_1_FDI,EXP-P1-01,collector-20260728T114259Z-42bbddba,collector-20260728T114259Z-42bbddba-COL-000057,57,POST_RECOVERY,2026-07-28T11:43:55.720Z,SUCCESS,SUCCESS,SUCCESS,SUCCESS,SUCCESS,TRUE,508,509,THINGSBOARD_HARDCODED_MOCK,1785239030442,1,1,39,39,39,39,0.3753,375,375,375,0.375,0.00378,38,38,38,0.0038,1,1,1,0,0,508,1,0,TRUE,FALSE,FALSE,TRUE,1,0,TRUE,1,0,TRUE,TRUE,TRUE,TRUE,TRUE,TRUE,TRUE,TRUE,TRUE,TRUE,TRUE,TRUE,TRUE,TRUE,TRUE,TRUE,TRUE,TRUE,TRUE,TRUE,TRUE,FALSE,FALSE,3265.0,6.0
PERLAKUAN_1_FDI,EXP-P1-01,collector-20260728T114259Z-42bbddba,collector-20260728T114259Z-42bbddba-COL-000058,58,POST_RECOVERY,2026-07-28T11:43:56.738Z,SUCCESS,SUCCESS,SUCCESS,SUCCESS,SUCCESS,TRUE,508,509,THINGSBOARD_HARDCODED_MOCK,1785239030442,1,1,39,39,39,39,0.3753,375,375,375,0.375,0.00378,38,38,38,0.0038,1,1,1,0,0,508,1,0,TRUE,FALSE,FALSE,TRUE,1,0,TRUE,1,0,TRUE,TRUE,TRUE,TRUE,TRUE,TRUE,TRUE,TRUE,TRUE,TRUE,TRUE,TRUE,TRUE,TRUE,TRUE,TRUE,TRUE,TRUE,TRUE,TRUE,TRUE,FALSE,FALSE,4282.0,7.0
PERLAKUAN_1_FDI,EXP-P1-01,collector-20260728T114259Z-42bbddba,collector-20260728T114259Z-42bbddba-COL-000059,59,POST_RECOVERY,2026-07-28T11:43:57.736Z,SUCCESS,SUCCESS,SUCCESS,SUCCESS,SUCCESS,TRUE,508,509,THINGSBOARD_HARDCODED_MOCK,1785239030442,1,1,39,39,39,39,0.3753,375,375,375,0.375,0.00378,38,38,38,0.0038,1,1,1,0,0,508,1,0,TRUE,FALSE,FALSE,TRUE,1,0,TRUE,1,0,TRUE,TRUE,TRUE,TRUE,TRUE,TRUE,TRUE,TRUE,TRUE,TRUE,TRUE,TRUE,TRUE,TRUE,TRUE,TRUE,TRUE,TRUE,TRUE,TRUE,TRUE,FALSE,FALSE,5281.0,6.0
PERLAKUAN_1_FDI,EXP-P1-01,collector-20260728T114259Z-42bbddba,collector-20260728T114259Z-42bbddba-COL-000060,60,POST_RECOVERY,2026-07-28T11:43:58.737Z,SUCCESS,SUCCESS,SUCCESS,SUCCESS,SUCCESS,TRUE,508,509,THINGSBOARD_HARDCODED_MOCK,1785239030442,1,1,39,39,39,39,0.3753,375,375,375,0.375,0.00378,38,38,38,0.0038,1,1,1,0,0,508,1,0,TRUE,FALSE,FALSE,TRUE,1,0,TRUE,1,0,TRUE,TRUE,TRUE,TRUE,TRUE,TRUE,TRUE,TRUE,TRUE,TRUE,TRUE,TRUE,TRUE,TRUE,TRUE,TRUE,TRUE,TRUE,TRUE,TRUE,TRUE,FALSE,FALSE,6279.0,9.0
PERLAKUAN_1_FDI,EXP-P1-01,collector-20260728T114259Z-42bbddba,collector-20260728T114259Z-42bbddba-COL-000061,61,POST_RECOVERY,2026-07-28T11:43:59.742Z,SUCCESS,SUCCESS,SUCCESS,SUCCESS,SUCCESS,TRUE,508,509,THINGSBOARD_HARDCODED_MOCK,1785239030442,1,1,39,39,39,39,0.3753,375,375,375,0.375,0.00378,38,38,38,0.0038,1,1,1,0,0,508,1,0,TRUE,FALSE,FALSE,TRUE,1,0,TRUE,1,0,TRUE,TRUE,TRUE,TRUE,TRUE,TRUE,TRUE,TRUE,TRUE,TRUE,TRUE,TRUE,TRUE,TRUE,TRUE,TRUE,TRUE,TRUE,TRUE,TRUE,TRUE,FALSE,FALSE,7280.0,13.0
PERLAKUAN_1_FDI,EXP-P1-01,collector-20260728T114259Z-42bbddba,collector-20260728T114259Z-42bbddba-COL-000062,62,POST_RECOVERY,2026-07-28T11:44:00.746Z,SUCCESS,SUCCESS,SUCCESS,SUCCESS,SUCCESS,TRUE,509,510,THINGSBOARD_HARDCODED_MOCK,1785239037453,1,1,52,52,52,52,0.0648,65,65,65,0.065,0.00398,40,40,40,0.004,1,1,1,0,0,509,1,0,TRUE,FALSE,FALSE,TRUE,1,0,TRUE,1,0,TRUE,TRUE,TRUE,TRUE,TRUE,TRUE,TRUE,TRUE,TRUE,TRUE,TRUE,TRUE,TRUE,TRUE,TRUE,TRUE,TRUE,TRUE,TRUE,TRUE,TRUE,FALSE,FALSE,1272.0,15.0
PERLAKUAN_1_FDI,EXP-P1-01,collector-20260728T114259Z-42bbddba,collector-20260728T114259Z-42bbddba-COL-000063,63,POST_RECOVERY,2026-07-28T11:44:01.731Z,SUCCESS,SUCCESS,SUCCESS,SUCCESS,SUCCESS,TRUE,509,510,THINGSBOARD_HARDCODED_MOCK,1785239037453,1,1,52,52,52,52,0.0648,65,65,65,0.065,0.00398,40,40,40,0.004,1,1,1,0,0,509,1,0,TRUE,FALSE,FALSE,TRUE,1,0,TRUE,1,0,TRUE,TRUE,TRUE,TRUE,TRUE,TRUE,TRUE,TRUE,TRUE,TRUE,TRUE,TRUE,TRUE,TRUE,TRUE,TRUE,TRUE,TRUE,TRUE,TRUE,TRUE,FALSE,FALSE,2259.0,13.0
PERLAKUAN_1_FDI,EXP-P1-01,collector-20260728T114259Z-42bbddba,collector-20260728T114259Z-42bbddba-COL-000064,64,POST_RECOVERY,2026-07-28T11:44:02.730Z,SUCCESS,SUCCESS,SUCCESS,SUCCESS,SUCCESS,TRUE,509,510,THINGSBOARD_HARDCODED_MOCK,1785239037453,1,1,52,52,52,52,0.0648,65,65,65,0.065,0.00398,40,40,40,0.004,1,1,1,0,0,509,1,0,TRUE,FALSE,FALSE,TRUE,1,0,TRUE,1,0,TRUE,TRUE,TRUE,TRUE,TRUE,TRUE,TRUE,TRUE,TRUE,TRUE,TRUE,TRUE,TRUE,TRUE,TRUE,TRUE,TRUE,TRUE,TRUE,TRUE,TRUE,FALSE,FALSE,3257.0,14.0
PERLAKUAN_1_FDI,EXP-P1-01,collector-20260728T114259Z-42bbddba,collector-20260728T114259Z-42bbddba-COL-000065,65,POST_RECOVERY,2026-07-28T11:44:03.734Z,SUCCESS,SUCCESS,SUCCESS,SUCCESS,SUCCESS,TRUE,509,510,THINGSBOARD_HARDCODED_MOCK,1785239037453,1,1,52,52,52,52,0.0648,65,65,65,0.065,0.00398,40,40,40,0.004,1,1,1,0,0,509,1,0,TRUE,FALSE,FALSE,TRUE,1,0,TRUE,1,0,TRUE,TRUE,TRUE,TRUE,TRUE,TRUE,TRUE,TRUE,TRUE,TRUE,TRUE,TRUE,TRUE,TRUE,TRUE,TRUE,TRUE,TRUE,TRUE,TRUE,TRUE,FALSE,FALSE,4269.0,6.0
PERLAKUAN_1_FDI,EXP-P1-01,collector-20260728T114259Z-42bbddba,collector-20260728T114259Z-42bbddba-COL-000066,66,POST_RECOVERY,2026-07-28T11:44:04.742Z,SUCCESS,SUCCESS,SUCCESS,SUCCESS,SUCCESS,TRUE,509,510,THINGSBOARD_HARDCODED_MOCK,1785239037453,1,1,52,52,52,52,0.0648,65,65,65,0.065,0.00398,40,40,40,0.004,1,1,1,0,0,509,1,0,TRUE,FALSE,FALSE,TRUE,1,0,TRUE,1,0,TRUE,TRUE,TRUE,TRUE,TRUE,TRUE,TRUE,TRUE,TRUE,TRUE,TRUE,TRUE,TRUE,TRUE,TRUE,TRUE,TRUE,TRUE,TRUE,TRUE,TRUE,FALSE,FALSE,5277.0,6.0
PERLAKUAN_1_FDI,EXP-P1-01,collector-20260728T114259Z-42bbddba,collector-20260728T114259Z-42bbddba-COL-000067,67,POST_RECOVERY,2026-07-28T11:44:05.736Z,SUCCESS,SUCCESS,SUCCESS,SUCCESS,SUCCESS,TRUE,509,510,THINGSBOARD_HARDCODED_MOCK,1785239037453,1,1,52,52,52,52,0.0648,65,65,65,0.065,0.00398,40,40,40,0.004,1,1,1,0,0,509,1,0,TRUE,FALSE,FALSE,TRUE,1,0,TRUE,1,0,TRUE,TRUE,TRUE,TRUE,TRUE,TRUE,TRUE,TRUE,TRUE,TRUE,TRUE,TRUE,TRUE,TRUE,TRUE,TRUE,TRUE,TRUE,TRUE,TRUE,TRUE,FALSE,FALSE,6272.0,5.0
PERLAKUAN_1_FDI,EXP-P1-01,collector-20260728T114259Z-42bbddba,collector-20260728T114259Z-42bbddba-COL-000068,68,POST_RECOVERY,2026-07-28T11:44:06.745Z,SUCCESS,SUCCESS,SUCCESS,SUCCESS,SUCCESS,TRUE,509,510,THINGSBOARD_HARDCODED_MOCK,1785239037453,1,1,52,52,52,52,0.0648,65,65,65,0.065,0.00398,40,40,40,0.004,1,1,1,0,0,509,1,0,TRUE,FALSE,FALSE,TRUE,1,0,TRUE,1,0,TRUE,TRUE,TRUE,TRUE,TRUE,TRUE,TRUE,TRUE,TRUE,TRUE,TRUE,TRUE,TRUE,TRUE,TRUE,TRUE,TRUE,TRUE,TRUE,TRUE,TRUE,FALSE,FALSE,7276.0,10.0
PERLAKUAN_1_FDI,EXP-P1-01,collector-20260728T114259Z-42bbddba,collector-20260728T114259Z-42bbddba-COL-000069,69,POST_RECOVERY,2026-07-28T11:44:07.727Z,SUCCESS,SUCCESS,SUCCESS,SUCCESS,SUCCESS,TRUE,510,511,THINGSBOARD_HARDCODED_MOCK,1785239044463,1,1,66,66,66,66,0.0126,13,13,13,0.013,0.00402,40,40,40,0.004,1,1,1,0,0,510,1,0,TRUE,FALSE,FALSE,TRUE,1,0,TRUE,1,0,TRUE,TRUE,TRUE,TRUE,TRUE,TRUE,TRUE,TRUE,TRUE,TRUE,TRUE,TRUE,TRUE,TRUE,TRUE,TRUE,TRUE,TRUE,TRUE,TRUE,TRUE,FALSE,FALSE,1249.0,6.0
PERLAKUAN_1_FDI,EXP-P1-01,collector-20260728T114259Z-42bbddba,collector-20260728T114259Z-42bbddba-COL-000070,70,POST_RECOVERY,2026-07-28T11:44:08.739Z,SUCCESS,SUCCESS,SUCCESS,SUCCESS,SUCCESS,TRUE,510,511,THINGSBOARD_HARDCODED_MOCK,1785239044463,1,1,66,66,66,66,0.0126,13,13,13,0.013,0.00402,40,40,40,0.004,1,1,1,0,0,510,1,0,TRUE,FALSE,FALSE,TRUE,1,0,TRUE,1,0,TRUE,TRUE,TRUE,TRUE,TRUE,TRUE,TRUE,TRUE,TRUE,TRUE,TRUE,TRUE,TRUE,TRUE,TRUE,TRUE,TRUE,TRUE,TRUE,TRUE,TRUE,FALSE,FALSE,2260.0,7.0
