experiment_id,scenario,experiment_phase,collector_session_id,collection_id,collection_sequence,cycle_started_at,cycle_completed_at,acquisition_window_ms,sampling_skew_ms,original_bottle_count,sent_bottle_count,bottle_count_from_pi,total_bottle,process_state,bottle_in_batch,last_processed_batch_count,bottle_remainder,pusher_output,ready_for_next_batch,batch_full,raspi_read_status,openplc_read_status,register_read_status,coil_read_status,send_status,source_match,cross_layer_match,plc_internal_match,raspi_acquisition_success,openplc_acquisition_success,pairing_status
EXP-P1-01,PERLAKUAN_1_FDI,PRE_ATTACK,collector-20260728T114259Z-42bbddba,collector-20260728T114259Z-42bbddba-COL-000001,1,2026-07-28T11:42:59.669Z,2026-07-28T11:42:59.867Z,198.555,104.0,,,,,1,,,,,,,SUCCESS,SUCCESS,SUCCESS,SUCCESS,SUCCESS,,,,TRUE,TRUE,PAIRED
EXP-P1-01,PERLAKUAN_1_FDI,PRE_ATTACK,collector-20260728T114259Z-42bbddba,collector-20260728T114259Z-42bbddba-COL-000002,2,2026-07-28T11:43:00.669Z,2026-07-28T11:43:00.701Z,31.524,5.0,,,,,1,,,,,,,SUCCESS,SUCCESS,SUCCESS,SUCCESS,SUCCESS,,,,TRUE,TRUE,PAIRED
EXP-P1-01,PERLAKUAN_1_FDI,PRE_ATTACK,collector-20260728T114259Z-42bbddba,collector-20260728T114259Z-42bbddba-COL-000003,3,2026-07-28T11:43:01.670Z,2026-07-28T11:43:01.922Z,252.142,226.0,,,,,1,,,,,,,SUCCESS,SUCCESS,SUCCESS,SUCCESS,SUCCESS,,,,TRUE,TRUE,PAIRED
EXP-P1-01,PERLAKUAN_1_FDI,PRE_ATTACK,collector-20260728T114259Z-42bbddba,collector-20260728T114259Z-42bbddba-COL-000004,4,2026-07-28T11:43:02.671Z,2026-07-28T11:43:02.700Z,29.161,5.0,,,,,1,,,,,,,SUCCESS,SUCCESS,SUCCESS,SUCCESS,SUCCESS,,,,TRUE,TRUE,PAIRED
EXP-P1-01,PERLAKUAN_1_FDI,PRE_ATTACK,collector-20260728T114259Z-42bbddba,collector-20260728T114259Z-42bbddba-COL-000005,5,2026-07-28T11:43:03.671Z,2026-07-28T11:43:03.743Z,71.789,33.0,,,,,1,,,,,,,SUCCESS,SUCCESS,SUCCESS,SUCCESS,SUCCESS,,,,TRUE,TRUE,PAIRED
EXP-P1-01,PERLAKUAN_1_FDI,PRE_ATTACK,collector-20260728T114259Z-42bbddba,collector-20260728T114259Z-42bbddba-COL-000006,6,2026-07-28T11:43:04.672Z,2026-07-28T11:43:04.705Z,33.463,11.0,,,,,1,,,,,,,SUCCESS,SUCCESS,SUCCESS,SUCCESS,SUCCESS,,,,TRUE,TRUE,PAIRED
EXP-P1-01,PERLAKUAN_1_FDI,ATTACK,collector-20260728T114259Z-42bbddba,collector-20260728T114259Z-42bbddba-COL-000007,7,2026-07-28T11:43:05.672Z,2026-07-28T11:43:05.730Z,58.314,4.0,,,,,1,,,,,,,SUCCESS,SUCCESS,SUCCESS,SUCCESS,SUCCESS,,,,TRUE,TRUE,PAIRED
EXP-P1-01,PERLAKUAN_1_FDI,ATTACK,collector-20260728T114259Z-42bbddba,collector-20260728T114259Z-42bbddba-COL-000008,8,2026-07-28T11:43:06.672Z,2026-07-28T11:43:06.721Z,48.953,6.0,,,,,1,,,,,,,SUCCESS,SUCCESS,SUCCESS,SUCCESS,SUCCESS,,,,TRUE,TRUE,PAIRED
EXP-P1-01,PERLAKUAN_1_FDI,ATTACK,collector-20260728T114259Z-42bbddba,collector-20260728T114259Z-42bbddba-COL-000009,9,2026-07-28T11:43:07.673Z,2026-07-28T11:43:07.711Z,38.366,5.0,,,,,1,,,,,,,SUCCESS,SUCCESS,SUCCESS,SUCCESS,SUCCESS,,,,TRUE,TRUE,PAIRED
EXP-P1-01,PERLAKUAN_1_FDI,ATTACK,collector-20260728T114259Z-42bbddba,collector-20260728T114259Z-42bbddba-COL-000010,10,2026-07-28T11:43:08.673Z,2026-07-28T11:43:08.714Z,40.45,9.0,,,,,3,,,,,,,SUCCESS,SUCCESS,SUCCESS,SUCCESS,SUCCESS,,,,TRUE,TRUE,PAIRED
EXP-P1-01,PERLAKUAN_1_FDI,ATTACK,collector-20260728T114259Z-42bbddba,collector-20260728T114259Z-42bbddba-COL-000011,11,2026-07-28T11:43:09.673Z,2026-07-28T11:43:09.716Z,42.295,9.0,,,,,3,,,,,,,SUCCESS,SUCCESS,SUCCESS,SUCCESS,SUCCESS,,,,TRUE,TRUE,PAIRED
EXP-P1-01,PERLAKUAN_1_FDI,ATTACK,collector-20260728T114259Z-42bbddba,collector-20260728T114259Z-42bbddba-COL-000012,12,2026-07-28T11:43:10.674Z,2026-07-28T11:43:10.731Z,57.763,16.0,,,,,3,,,,,,,SUCCESS,SUCCESS,SUCCESS,SUCCESS,SUCCESS,,,,TRUE,TRUE,PAIRED
EXP-P1-01,PERLAKUAN_1_FDI,ATTACK,collector-20260728T114259Z-42bbddba,collector-20260728T114259Z-42bbddba-COL-000013,13,2026-07-28T11:43:11.674Z,2026-07-28T11:43:11.718Z,43.864,13.0,,,,,3,,,,,,,SUCCESS,SUCCESS,SUCCESS,SUCCESS,SUCCESS,,,,TRUE,TRUE,PAIRED
EXP-P1-01,PERLAKUAN_1_FDI,ATTACK,collector-20260728T114259Z-42bbddba,collector-20260728T114259Z-42bbddba-COL-000014,14,2026-07-28T11:43:12.675Z,2026-07-28T11:43:12.711Z,36.91,6.0,,,,,3,,,,,,,SUCCESS,SUCCESS,SUCCESS,SUCCESS,SUCCESS,,,,TRUE,TRUE,PAIRED
EXP-P1-01,PERLAKUAN_1_FDI,ATTACK,collector-20260728T114259Z-42bbddba,collector-20260728T114259Z-42bbddba-COL-000015,15,2026-07-28T11:43:13.675Z,2026-07-28T11:43:13.710Z,34.865,5.0,,,,,3,,,,,,,SUCCESS,SUCCESS,SUCCESS,SUCCESS,SUCCESS,,,,TRUE,TRUE,PAIRED
EXP-P1-01,PERLAKUAN_1_FDI,ATTACK,collector-20260728T114259Z-42bbddba,collector-20260728T114259Z-42bbddba-COL-000016,16,2026-07-28T11:43:14.675Z,2026-07-28T11:43:14.708Z,32.796,12.0,,,,,3,,,,,,,SUCCESS,SUCCESS,SUCCESS,SUCCESS,SUCCESS,,,,TRUE,TRUE,PAIRED
EXP-P1-01,PERLAKUAN_1_FDI,ATTACK,collector-20260728T114259Z-42bbddba,collector-20260728T114259Z-42bbddba-COL-000017,17,2026-07-28T11:43:15.675Z,2026-07-28T11:43:15.731Z,55.275,12.0,,,,,3,,,,,,,SUCCESS,SUCCESS,SUCCESS,SUCCESS,SUCCESS,,,,TRUE,TRUE,PAIRED
EXP-P1-01,PERLAKUAN_1_FDI,ATTACK,collector-20260728T114259Z-42bbddba,collector-20260728T114259Z-42bbddba-COL-000018,18,2026-07-28T11:43:16.675Z,2026-07-28T11:43:16.720Z,44.541,7.0,,,,,3,,,,,,,SUCCESS,SUCCESS,SUCCESS,SUCCESS,SUCCESS,,,,TRUE,TRUE,PAIRED
EXP-P1-01,PERLAKUAN_1_FDI,ATTACK,collector-20260728T114259Z-42bbddba,collector-20260728T114259Z-42bbddba-COL-000019,19,2026-07-28T11:43:17.676Z,2026-07-28T11:43:17.708Z,31.865,5.0,,,,,3,,,,,,,SUCCESS,SUCCESS,SUCCESS,SUCCESS,SUCCESS,,,,TRUE,TRUE,PAIRED
EXP-P1-01,PERLAKUAN_1_FDI,ATTACK,collector-20260728T114259Z-42bbddba,collector-20260728T114259Z-42bbddba-COL-000020,20,2026-07-28T11:43:18.677Z,2026-07-28T11:43:18.710Z,33.141,7.0,,,,,3,,,,,,,SUCCESS,SUCCESS,SUCCESS,SUCCESS,SUCCESS,,,,TRUE,TRUE,PAIRED
EXP-P1-01,PERLAKUAN_1_FDI,ATTACK,collector-20260728T114259Z-42bbddba,collector-20260728T114259Z-42bbddba-COL-000021,21,2026-07-28T11:43:19.677Z,2026-07-28T11:43:19.986Z,308.912,285.0,,,,,3,,,,,,,SUCCESS,SUCCESS,SUCCESS,SUCCESS,SUCCESS,,,,TRUE,TRUE,PAIRED
EXP-P1-01,PERLAKUAN_1_FDI,ATTACK,collector-20260728T114259Z-42bbddba,collector-20260728T114259Z-42bbddba-COL-000022,22,2026-07-28T11:43:20.677Z,2026-07-28T11:43:20.726Z,48.728,6.0,,,,,3,,,,,,,SUCCESS,SUCCESS,SUCCESS,SUCCESS,SUCCESS,,,,TRUE,TRUE,PAIRED
EXP-P1-01,PERLAKUAN_1_FDI,ATTACK,collector-20260728T114259Z-42bbddba,collector-20260728T114259Z-42bbddba-COL-000023,23,2026-07-28T11:43:21.677Z,2026-07-28T11:43:21.706Z,28.667,5.0,,,,,3,,,,,,,SUCCESS,SUCCESS,SUCCESS,SUCCESS,SUCCESS,,,,TRUE,TRUE,PAIRED
EXP-P1-01,PERLAKUAN_1_FDI,ATTACK,collector-20260728T114259Z-42bbddba,collector-20260728T114259Z-42bbddba-COL-000024,24,2026-07-28T11:43:22.678Z,2026-07-28T11:43:22.716Z,38.147,7.0,,,,,3,,,,,,,SUCCESS,SUCCESS,SUCCESS,SUCCESS,SUCCESS,,,,TRUE,TRUE,PAIRED
EXP-P1-01,PERLAKUAN_1_FDI,ATTACK,collector-20260728T114259Z-42bbddba,collector-20260728T114259Z-42bbddba-COL-000025,25,2026-07-28T11:43:23.678Z,2026-07-28T11:43:23.728Z,49.787,8.0,,,,,3,,,,,,,SUCCESS,SUCCESS,SUCCESS,SUCCESS,SUCCESS,,,,TRUE,TRUE,PAIRED
EXP-P1-01,PERLAKUAN_1_FDI,ATTACK,collector-20260728T114259Z-42bbddba,collector-20260728T114259Z-42bbddba-COL-000026,26,2026-07-28T11:43:24.679Z,2026-07-28T11:43:24.716Z,37.111,5.0,,,,,3,,,,,,,SUCCESS,SUCCESS,SUCCESS,SUCCESS,SUCCESS,,,,TRUE,TRUE,PAIRED
EXP-P1-01,PERLAKUAN_1_FDI,ATTACK,collector-20260728T114259Z-42bbddba,collector-20260728T114259Z-42bbddba-COL-000027,27,2026-07-28T11:43:25.679Z,2026-07-28T11:43:25.727Z,48.15,5.0,,,,,3,,,,,,,SUCCESS,SUCCESS,SUCCESS,SUCCESS,SUCCESS,,,,TRUE,TRUE,PAIRED
EXP-P1-01,PERLAKUAN_1_FDI,ATTACK,collector-20260728T114259Z-42bbddba,collector-20260728T114259Z-42bbddba-COL-000028,28,2026-07-28T11:43:26.679Z,2026-07-28T11:43:26.870Z,190.352,167.0,,,,,3,,,,,,,SUCCESS,SUCCESS,SUCCESS,SUCCESS,SUCCESS,,,,TRUE,TRUE,PAIRED
EXP-P1-01,PERLAKUAN_1_FDI,ATTACK,collector-20260728T114259Z-42bbddba,collector-20260728T114259Z-42bbddba-COL-000029,29,2026-07-28T11:43:27.680Z,2026-07-28T11:43:27.710Z,30.099,5.0,,,,,3,,,,,,,SUCCESS,SUCCESS,SUCCESS,SUCCESS,SUCCESS,,,,TRUE,TRUE,PAIRED
EXP-P1-01,PERLAKUAN_1_FDI,ATTACK,collector-20260728T114259Z-42bbddba,collector-20260728T114259Z-42bbddba-COL-000030,30,2026-07-28T11:43:28.680Z,2026-07-28T11:43:28.942Z,261.943,238.0,,,,,3,,,,,,,SUCCESS,SUCCESS,SUCCESS,SUCCESS,SUCCESS,,,,TRUE,TRUE,PAIRED
EXP-P1-01,PERLAKUAN_1_FDI,ATTACK,collector-20260728T114259Z-42bbddba,collector-20260728T114259Z-42bbddba-COL-000031,31,2026-07-28T11:43:29.680Z,2026-07-28T11:43:29.725Z,44.339,6.0,,,,,3,,,,,,,SUCCESS,SUCCESS,SUCCESS,SUCCESS,SUCCESS,,,,TRUE,TRUE,PAIRED
EXP-P1-01,PERLAKUAN_1_FDI,ATTACK,collector-20260728T114259Z-42bbddba,collector-20260728T114259Z-42bbddba-COL-000032,32,2026-07-28T11:43:30.681Z,2026-07-28T11:43:30.718Z,37.161,5.0,,,,,3,,,,,,,SUCCESS,SUCCESS,SUCCESS,SUCCESS,SUCCESS,,,,TRUE,TRUE,PAIRED
EXP-P1-01,PERLAKUAN_1_FDI,ATTACK,collector-20260728T114259Z-42bbddba,collector-20260728T114259Z-42bbddba-COL-000033,33,2026-07-28T11:43:31.681Z,2026-07-28T11:43:31.716Z,34.957,6.0,,,,,3,,,,,,,SUCCESS,SUCCESS,SUCCESS,SUCCESS,SUCCESS,,,,TRUE,TRUE,PAIRED
EXP-P1-01,PERLAKUAN_1_FDI,ATTACK,collector-20260728T114259Z-42bbddba,collector-20260728T114259Z-42bbddba-COL-000034,34,2026-07-28T11:43:32.682Z,2026-07-28T11:43:32.725Z,43.475,8.0,,,,,3,,,,,,,SUCCESS,SUCCESS,SUCCESS,SUCCESS,SUCCESS,,,,TRUE,TRUE,PAIRED
EXP-P1-01,PERLAKUAN_1_FDI,ATTACK,collector-20260728T114259Z-42bbddba,collector-20260728T114259Z-42bbddba-COL-000035,35,2026-07-28T11:43:33.683Z,2026-07-28T11:43:33.712Z,29.726,4.0,,,,,3,,,,,,,SUCCESS,SUCCESS,SUCCESS,SUCCESS,SUCCESS,,,,TRUE,TRUE,PAIRED
EXP-P1-01,PERLAKUAN_1_FDI,ATTACK,collector-20260728T114259Z-42bbddba,collector-20260728T114259Z-42bbddba-COL-000036,36,2026-07-28T11:43:34.683Z,2026-07-28T11:43:34.712Z,28.394,5.0,,,,,3,,,,,,,SUCCESS,SUCCESS,SUCCESS,SUCCESS,SUCCESS,,,,TRUE,TRUE,PAIRED
EXP-P1-01,PERLAKUAN_1_FDI,ATTACK,collector-20260728T114259Z-42bbddba,collector-20260728T114259Z-42bbddba-COL-000037,37,2026-07-28T11:43:35.683Z,2026-07-28T11:43:35.732Z,48.826,6.0,,,,,3,,,,,,,SUCCESS,SUCCESS,SUCCESS,SUCCESS,SUCCESS,,,,TRUE,TRUE,PAIRED
EXP-P1-01,PERLAKUAN_1_FDI,ATTACK,collector-20260728T114259Z-42bbddba,collector-20260728T114259Z-42bbddba-COL-000038,38,2026-07-28T11:43:36.684Z,2026-07-28T11:43:36.728Z,44.244,6.0,,,,,3,,,,,,,SUCCESS,SUCCESS,SUCCESS,SUCCESS,SUCCESS,,,,TRUE,TRUE,PAIRED
EXP-P1-01,PERLAKUAN_1_FDI,ATTACK,collector-20260728T114259Z-42bbddba,collector-20260728T114259Z-42bbddba-COL-000039,39,2026-07-28T11:43:37.684Z,2026-07-28T11:43:37.728Z,43.381,5.0,,,,,3,,,,,,,SUCCESS,SUCCESS,SUCCESS,SUCCESS,SUCCESS,,,,TRUE,TRUE,PAIRED
EXP-P1-01,PERLAKUAN_1_FDI,ATTACK,collector-20260728T114259Z-42bbddba,collector-20260728T114259Z-42bbddba-COL-000040,40,2026-07-28T11:43:38.685Z,2026-07-28T11:43:38.716Z,31.47,7.0,,,,,3,,,,,,,SUCCESS,SUCCESS,SUCCESS,SUCCESS,SUCCESS,,,,TRUE,TRUE,PAIRED
EXP-P1-01,PERLAKUAN_1_FDI,ATTACK,collector-20260728T114259Z-42bbddba,collector-20260728T114259Z-42bbddba-COL-000041,41,2026-07-28T11:43:39.685Z,2026-07-28T11:43:39.729Z,44.007,6.0,,,,,1,,,,,,,SUCCESS,SUCCESS,SUCCESS,SUCCESS,SUCCESS,,,,TRUE,TRUE,PAIRED
EXP-P1-01,PERLAKUAN_1_FDI,ATTACK,collector-20260728T114259Z-42bbddba,collector-20260728T114259Z-42bbddba-COL-000042,42,2026-07-28T11:43:40.686Z,2026-07-28T11:43:40.733Z,47.703,5.0,,,,,1,,,,,,,SUCCESS,SUCCESS,SUCCESS,SUCCESS,SUCCESS,,,,TRUE,TRUE,PAIRED
EXP-P1-01,PERLAKUAN_1_FDI,ATTACK,collector-20260728T114259Z-42bbddba,collector-20260728T114259Z-42bbddba-COL-000043,43,2026-07-28T11:43:41.686Z,2026-07-28T11:43:41.730Z,44.121,9.0,,,,,1,,,,,,,SUCCESS,SUCCESS,SUCCESS,SUCCESS,SUCCESS,,,,TRUE,TRUE,PAIRED
EXP-P1-01,PERLAKUAN_1_FDI,ATTACK,collector-20260728T114259Z-42bbddba,collector-20260728T114259Z-42bbddba-COL-000044,44,2026-07-28T11:43:42.686Z,2026-07-28T11:43:43.089Z,402.656,378.0,,,,,1,,,,,,,SUCCESS,SUCCESS,SUCCESS,SUCCESS,SUCCESS,,,,TRUE,TRUE,PAIRED
EXP-P1-01,PERLAKUAN_1_FDI,ATTACK,collector-20260728T114259Z-42bbddba,collector-20260728T114259Z-42bbddba-COL-000045,45,2026-07-28T11:43:43.687Z,2026-07-28T11:43:43.731Z,44.233,10.0,,,,,1,,,,,,,SUCCESS,SUCCESS,SUCCESS,SUCCESS,SUCCESS,,,,TRUE,TRUE,PAIRED
EXP-P1-01,PERLAKUAN_1_FDI,ATTACK,collector-20260728T114259Z-42bbddba,collector-20260728T114259Z-42bbddba-COL-000046,46,2026-07-28T11:43:44.687Z,2026-07-28T11:43:44.732Z,45.237,6.0,,,,,1,,,,,,,SUCCESS,SUCCESS,SUCCESS,SUCCESS,SUCCESS,,,,TRUE,TRUE,PAIRED
EXP-P1-01,PERLAKUAN_1_FDI,RECOVERY,collector-20260728T114259Z-42bbddba,collector-20260728T114259Z-42bbddba-COL-000047,47,2026-07-28T11:43:45.687Z,2026-07-28T11:43:45.744Z,57.035,8.0,,,,,1,,,,,,,SUCCESS,SUCCESS,SUCCESS,SUCCESS,SUCCESS,,,,TRUE,TRUE,PAIRED
EXP-P1-01,PERLAKUAN_1_FDI,RECOVERY,collector-20260728T114259Z-42bbddba,collector-20260728T114259Z-42bbddba-COL-000048,48,2026-07-28T11:43:46.688Z,2026-07-28T11:43:46.722Z,34.446,7.0,,,,,1,,,,,,,SUCCESS,SUCCESS,SUCCESS,SUCCESS,SUCCESS,,,,TRUE,TRUE,PAIRED
EXP-P1-01,PERLAKUAN_1_FDI,RECOVERY,collector-20260728T114259Z-42bbddba,collector-20260728T114259Z-42bbddba-COL-000049,49,2026-07-28T11:43:47.688Z,2026-07-28T11:43:47.717Z,29.64,5.0,,,,,1,,,,,,,SUCCESS,SUCCESS,SUCCESS,SUCCESS,SUCCESS,,,,TRUE,TRUE,PAIRED
EXP-P1-01,PERLAKUAN_1_FDI,RECOVERY,collector-20260728T114259Z-42bbddba,collector-20260728T114259Z-42bbddba-COL-000050,50,2026-07-28T11:43:48.688Z,2026-07-28T11:43:48.723Z,34.311,8.0,,,,,1,,,,,,,SUCCESS,SUCCESS,SUCCESS,SUCCESS,SUCCESS,,,,TRUE,TRUE,PAIRED
EXP-P1-01,PERLAKUAN_1_FDI,RECOVERY,collector-20260728T114259Z-42bbddba,collector-20260728T114259Z-42bbddba-COL-000051,51,2026-07-28T11:43:49.688Z,2026-07-28T11:43:49.745Z,56.434,9.0,,,,,1,,,,,,,SUCCESS,SUCCESS,SUCCESS,SUCCESS,SUCCESS,,,,TRUE,TRUE,PAIRED
EXP-P1-01,PERLAKUAN_1_FDI,RECOVERY,collector-20260728T114259Z-42bbddba,collector-20260728T114259Z-42bbddba-COL-000052,52,2026-07-28T11:43:50.689Z,2026-07-28T11:43:50.725Z,35.864,7.0,,,,,1,,,,,,,SUCCESS,SUCCESS,SUCCESS,SUCCESS,SUCCESS,,,,TRUE,TRUE,PAIRED
EXP-P1-01,PERLAKUAN_1_FDI,RECOVERY,collector-20260728T114259Z-42bbddba,collector-20260728T114259Z-42bbddba-COL-000053,53,2026-07-28T11:43:51.689Z,2026-07-28T11:43:51.741Z,51.586,8.0,,,,,1,,,,,,,SUCCESS,SUCCESS,SUCCESS,SUCCESS,SUCCESS,,,,TRUE,TRUE,PAIRED
EXP-P1-01,PERLAKUAN_1_FDI,RECOVERY,collector-20260728T114259Z-42bbddba,collector-20260728T114259Z-42bbddba-COL-000054,54,2026-07-28T11:43:52.690Z,2026-07-28T11:43:52.722Z,32.747,7.0,,,,,1,,,,,,,SUCCESS,SUCCESS,SUCCESS,SUCCESS,SUCCESS,,,,TRUE,TRUE,PAIRED
EXP-P1-01,PERLAKUAN_1_FDI,POST_RECOVERY,collector-20260728T114259Z-42bbddba,collector-20260728T114259Z-42bbddba-COL-000055,55,2026-07-28T11:43:53.690Z,2026-07-28T11:43:53.736Z,45.864,6.0,,,,,1,,,,,,,SUCCESS,SUCCESS,SUCCESS,SUCCESS,SUCCESS,,,,TRUE,TRUE,PAIRED
EXP-P1-01,PERLAKUAN_1_FDI,POST_RECOVERY,collector-20260728T114259Z-42bbddba,collector-20260728T114259Z-42bbddba-COL-000056,56,2026-07-28T11:43:54.691Z,2026-07-28T11:43:54.729Z,38.785,8.0,,,,,1,,,,,,,SUCCESS,SUCCESS,SUCCESS,SUCCESS,SUCCESS,,,,TRUE,TRUE,PAIRED
EXP-P1-01,PERLAKUAN_1_FDI,POST_RECOVERY,collector-20260728T114259Z-42bbddba,collector-20260728T114259Z-42bbddba-COL-000057,57,2026-07-28T11:43:55.691Z,2026-07-28T11:43:55.720Z,29.051,6.0,,,,,1,,,,,,,SUCCESS,SUCCESS,SUCCESS,SUCCESS,SUCCESS,,,,TRUE,TRUE,PAIRED
EXP-P1-01,PERLAKUAN_1_FDI,POST_RECOVERY,collector-20260728T114259Z-42bbddba,collector-20260728T114259Z-42bbddba-COL-000058,58,2026-07-28T11:43:56.691Z,2026-07-28T11:43:56.738Z,46.798,7.0,,,,,1,,,,,,,SUCCESS,SUCCESS,SUCCESS,SUCCESS,SUCCESS,,,,TRUE,TRUE,PAIRED
EXP-P1-01,PERLAKUAN_1_FDI,POST_RECOVERY,collector-20260728T114259Z-42bbddba,collector-20260728T114259Z-42bbddba-COL-000059,59,2026-07-28T11:43:57.691Z,2026-07-28T11:43:57.736Z,44.839,6.0,,,,,1,,,,,,,SUCCESS,SUCCESS,SUCCESS,SUCCESS,SUCCESS,,,,TRUE,TRUE,PAIRED
EXP-P1-01,PERLAKUAN_1_FDI,POST_RECOVERY,collector-20260728T114259Z-42bbddba,collector-20260728T114259Z-42bbddba-COL-000060,60,2026-07-28T11:43:58.692Z,2026-07-28T11:43:58.737Z,45.201,9.0,,,,,1,,,,,,,SUCCESS,SUCCESS,SUCCESS,SUCCESS,SUCCESS,,,,TRUE,TRUE,PAIRED
EXP-P1-01,PERLAKUAN_1_FDI,POST_RECOVERY,collector-20260728T114259Z-42bbddba,collector-20260728T114259Z-42bbddba-COL-000061,61,2026-07-28T11:43:59.692Z,2026-07-28T11:43:59.742Z,49.798,13.0,,,,,1,,,,,,,SUCCESS,SUCCESS,SUCCESS,SUCCESS,SUCCESS,,,,TRUE,TRUE,PAIRED
EXP-P1-01,PERLAKUAN_1_FDI,POST_RECOVERY,collector-20260728T114259Z-42bbddba,collector-20260728T114259Z-42bbddba-COL-000062,62,2026-07-28T11:44:00.692Z,2026-07-28T11:44:00.746Z,54.174,15.0,,,,,1,,,,,,,SUCCESS,SUCCESS,SUCCESS,SUCCESS,SUCCESS,,,,TRUE,TRUE,PAIRED
EXP-P1-01,PERLAKUAN_1_FDI,POST_RECOVERY,collector-20260728T114259Z-42bbddba,collector-20260728T114259Z-42bbddba-COL-000063,63,2026-07-28T11:44:01.693Z,2026-07-28T11:44:01.732Z,38.917,13.0,,,,,1,,,,,,,SUCCESS,SUCCESS,SUCCESS,SUCCESS,SUCCESS,,,,TRUE,TRUE,PAIRED
EXP-P1-01,PERLAKUAN_1_FDI,POST_RECOVERY,collector-20260728T114259Z-42bbddba,collector-20260728T114259Z-42bbddba-COL-000064,64,2026-07-28T11:44:02.693Z,2026-07-28T11:44:02.730Z,36.967,14.0,,,,,1,,,,,,,SUCCESS,SUCCESS,SUCCESS,SUCCESS,SUCCESS,,,,TRUE,TRUE,PAIRED
EXP-P1-01,PERLAKUAN_1_FDI,POST_RECOVERY,collector-20260728T114259Z-42bbddba,collector-20260728T114259Z-42bbddba-COL-000065,65,2026-07-28T11:44:03.693Z,2026-07-28T11:44:03.734Z,40.824,6.0,,,,,1,,,,,,,SUCCESS,SUCCESS,SUCCESS,SUCCESS,SUCCESS,,,,TRUE,TRUE,PAIRED
EXP-P1-01,PERLAKUAN_1_FDI,POST_RECOVERY,collector-20260728T114259Z-42bbddba,collector-20260728T114259Z-42bbddba-COL-000066,66,2026-07-28T11:44:04.693Z,2026-07-28T11:44:04.742Z,48.426,6.0,,,,,1,,,,,,,SUCCESS,SUCCESS,SUCCESS,SUCCESS,SUCCESS,,,,TRUE,TRUE,PAIRED
EXP-P1-01,PERLAKUAN_1_FDI,POST_RECOVERY,collector-20260728T114259Z-42bbddba,collector-20260728T114259Z-42bbddba-COL-000067,67,2026-07-28T11:44:05.694Z,2026-07-28T11:44:05.736Z,42.669,5.0,,,,,1,,,,,,,SUCCESS,SUCCESS,SUCCESS,SUCCESS,SUCCESS,,,,TRUE,TRUE,PAIRED
EXP-P1-01,PERLAKUAN_1_FDI,POST_RECOVERY,collector-20260728T114259Z-42bbddba,collector-20260728T114259Z-42bbddba-COL-000068,68,2026-07-28T11:44:06.694Z,2026-07-28T11:44:06.745Z,50.677,10.0,,,,,1,,,,,,,SUCCESS,SUCCESS,SUCCESS,SUCCESS,SUCCESS,,,,TRUE,TRUE,PAIRED
EXP-P1-01,PERLAKUAN_1_FDI,POST_RECOVERY,collector-20260728T114259Z-42bbddba,collector-20260728T114259Z-42bbddba-COL-000069,69,2026-07-28T11:44:07.694Z,2026-07-28T11:44:07.727Z,32.883,6.0,,,,,1,,,,,,,SUCCESS,SUCCESS,SUCCESS,SUCCESS,SUCCESS,,,,TRUE,TRUE,PAIRED
EXP-P1-01,PERLAKUAN_1_FDI,POST_RECOVERY,collector-20260728T114259Z-42bbddba,collector-20260728T114259Z-42bbddba-COL-000070,70,2026-07-28T11:44:08.695Z,2026-07-28T11:44:08.739Z,44.45,7.0,,,,,1,,,,,,,SUCCESS,SUCCESS,SUCCESS,SUCCESS,SUCCESS,,,,TRUE,TRUE,PAIRED
