relative_path,size_bytes,sha256,hashed_at_utc
analysis_report.html,16136,d9a054b225a0c5c511adddb4f973ab84e390b43537beb575190e6a2d9d560420,2026-07-28T22:49:16.372Z
analysis_report.md,10640,63b4fbb96efb6f2e2c86512429aab2df21c9df64959d5c4c41f4f07da709369b,2026-07-28T22:49:16.406Z
analysis_summary.json,8062,dec4463abfd3eb551e2b24cffc621ee168710f2011d414ab1237c559c88a7e16,2026-07-28T22:49:16.439Z
attack_observations.csv,2181,404bfec8050e0ec53ed36de0a7f73e4b99b49ad2070ee0e038b9a3d05231ccfc,2026-07-28T22:49:16.442Z
availability_analysis.csv,1399,05324d6f00b9357859548e11e24049cb3f3b5552f35923aebc40b838a818ab9b,2026-07-28T22:49:16.444Z
baseline_comparison.csv,619,363f5065ab8388e9c0352d61abca8aae05ffa4a72f2a7e6eaa7deef29864ce44,2026-07-28T22:49:16.447Z
control_logic_analysis.csv,1016,c30c9077e0c9a66260b9b36af03184d9dff91ef2c85892d154861733e10c212a,2026-07-28T22:49:16.450Z
final_incident_timeline.csv,1694,535605e847d9467671b4b0daa6c69121bafd4fe9a49eb55283ebf112f4cf1c9f,2026-07-28T22:49:16.467Z
findings.json,3773,5acdfc8536600d267d691db2d6a5742cfe545359da1ea9901b95e24cd9a2cd95,2026-07-28T22:49:16.492Z
input_integrity_verification.csv,2198,51f3f7227a4682e72827192a9e1720ca263665a0be18488317b32b6223e46e51,2026-07-28T22:49:16.495Z
integrity_analysis.csv,2790,54173ecd5cc0c353c8fb714e4f1429aebb4e85e767db8814832ec7442c8dab05,2026-07-28T22:49:16.497Z
network_write_events_used.csv,8955610,6e4e09f7554e999e26988b4689dbc8e6f7ce4c34271f7b2a9c0d17435a525e21,2026-07-28T22:49:16.522Z
paired_cross_layer_analysis.csv,51526,1b73d44758b2aad5227323b76773b214c4ff9113c7f8488253928eb1ad5f577c,2026-07-28T22:49:16.525Z
recovery_analysis.csv,785,61dee6f36e1eadcbb43e0ff14824257d8468097b693624efd39a219eb06c63ef,2026-07-28T22:49:16.528Z
